,newid,region,fam_type,earncomp,bls_urbn,cutenure,age_ref,sex_ref,marital1,educ_ref,inclass,kids,inc,inc.a,food,house,transport,utili,health,enter
468,3081191,3,4,1,1,2,54,1,1,11,9,0,100887,122142,2946.6668,3872,1468,2496,576,584
490,2998022,2,9,1,1,1,55,2,3,13,8,0,65668.6,59616.6,3813.3332,7860,2960,4192,11740.8,800
541,3059994,3,4,2,1,1,54,1,1,14,9,0,72573,82000,2773.3332,11604,1600,3756,2560,824
544,2992562,3,5,1,1,2,62,2,1,12,8,0,69278.4,66023.4,3882.6668,10037.3332,3292,2792,20598.4,1040
560,2927343,4,5,2,1,4,41,1,1,16,9,0,82806.8,94362.8,6586.6668,27472,9872,1600,640,1380
1008,2949923,1,1,2,1,1,55,1,1,15,9,0,121787,150284,3380,5249.3332,2362.6668,1940,7786.6672,680
1011,2948643,2,1,2,1,1,52,1,1,15,9,0,198273.4,241964.4,4333.3332,7392,836,1520,6208,8876
1013,3074363,3,1,2,1,1,47,1,1,13,9,0,100048,113500,4906.6668,5604,1504,2628,2480,3597.3332
1015,2840274,4,1,2,1,1,31,1,1,16,9,0,111591.2,132322.2,9808,14244,6521.3332,2744,35264,5076
1017,2844334,1,1,2,1,2,57,1,1,12,9,0,106729.6,130083.6,3986.6668,11286.6668,5213.3332,4716,9557.3328,13048
1018,2998372,3,1,2,1,4,27,2,1,15,9,0,75185,88005,6933.3332,16045.3332,6473.3332,1528,71488,1424
1019,2927943,3,1,2,1,4,31,2,1,13,5,0,20182,20200,2600,4352,2621.3332,448,800,180
1021,3057663,3,1,2,1,1,63,1,1,14,8,0,49536.6,57190.6,3640,6516,2920,2928,5472,1288
1024,2805505,2,1,1,1,4,57,1,1,15,3,0,13417,12310,1213.3332,4012,2824,220,896,32
1027,2800145,4,1,2,1,1,51,1,1,15,9,0,133699.4,164431.4,7626.6668,25128,26390.6668,3572,23360,2000
1028,2932223,3,1,2,1,1,62,2,1,13,9,0,131422,158952,6864,25128,6737.3332,5432,11530.6672,2880
1030,2952793,4,9,1,1,1,60,1,5,16,8,0,47669,53000,3120,7210.6668,3612,2616,7904,352
1034,2924203,3,1,1,1,4,27,1,1,12,3,0,14436,14000,2946.6668,8060,1817.3332,1540,1664,864
1037,2930503,2,9,1,1,4,46,2,3,13,7,0,39847.6,44133.6,1906.6668,3456,2504,2576,7040,736
1043,3060114,2,1,2,1,1,56,1,1,12,9,0,83774,100939,5200,6908,800,4360,15328,512
1044,2808895,4,1,2,1,1,45,1,1,15,9,0,103567.6,121399.6,3254.6668,6520,833.3332,1416,6240,520
1045,2924533,4,1,2,1,2,56,1,1,16,8,0,60849,66723,11250.6668,11674.6668,6618.6668,5352,21568,6020
1047,2867984,3,1,2,1,1,29,2,1,15,9,0,81728.4,94995.4,4073.3332,4872,2300,1452,5568,156
1052,2924333,3,1,2,1,1,60,1,1,15,9,0,74901,88004,8560,6186.6668,5464,5128,20917.3328,2844
1053,3057782,3,1,2,1,1,27,1,1,15,8,0,48007.6,51894.6,3986.6668,13134.6668,480,2320,1600,304
1055,2869834,2,1,2,1,1,52,1,1,11,9,0,64475.6,73448.6,1265.3332,5705.3332,829.3332,1412,4442.6672,380
1059,2799695,3,1,2,1,1,52,2,1,13,9,0,140471,170000,6853.3332,34521.3332,3452,3140,17066.6672,1120
1060,3069184,2,9,1,1,4,48,2,2,13,8,0,44310,50000,1900,3908,604,628,3808,92
1063,3075934,2,1,2,1,4,57,1,1,16,9,0,82613.6,95181.6,3380,42388,3476,2072,1898.6672,460
1064,2811805,3,1,2,1,2,56,2,1,12,5,0,20707,20760,2013.3332,8352,7842.6668,2692,5893.3328,2628
1065,2872714,3,1,2,1,1,28,2,1,13,8,0,53165,61000,2513.3332,6572,580,820,2880,1264
1069,3077962,3,1,2,1,1,54,1,1,15,9,0,123208.6,153084.6,5806.6668,6292,1616,1372,6144,2596
1078,2868794,3,1,2,1,2,58,1,1,14,8,0,56602,62000,2860,3450.6668,626.6668,880,4800,1076
1080,2997902,1,1,2,1,1,39,1,1,15,9,0,76887,87406,4160,9696,1600,1172,9600,708
1082,2875404,3,1,2,1,1,31,1,1,13,9,0,80252.4,92969.4,6066.6668,3312.6668,964,1540,1760,488
1085,2990032,1,1,1,1,1,61,1,1,15,8,0,61489,68852,1282.6668,8336,373.3332,2120,24320,360
1088,2925043,1,1,2,1,1,55,1,1,16,6,0,35501.6,37681.6,3813.3332,17705.3332,2000,3436,4544,1960
1089,2931243,2,1,2,1,1,54,1,1,15,9,0,85824,102000,8666.6668,18569.3332,2266.6668,3576,8544,632
1090,2838174,3,1,2,1,1,58,1,1,13,9,0,77315,87000,6172,6813.3332,4592,1948,30944,480
1092,3051571,4,1,2,2,2,62,1,1,15,8,0,52107,54000,4086.6668,5532,3128,1872,29168,1380
1093,3062353,3,1,2,1,1,33,1,1,14,9,0,77422,86500,5578.6668,7365.3332,336,2160,9600,904
1094,3072244,2,1,2,2,2,64,2,1,12,5,0,29478.4,29478.4,780,1070.6668,252,740,1920,68
1099,2996092,2,1,2,1,4,37,1,1,16,9,0,90290.4,104083.4,6053.3332,10520,2874.6668,2680,6560,164
1106,2877684,2,1,1,1,2,59,1,1,16,9,0,90867.4,106561.4,3674.6668,3842.6668,1888,1480,32613.3328,520
1108,3008252,1,1,1,1,2,63,1,1,15,8,0,51557,57000,2340,4040,4080,2384,4021.3328,320
1110,3004272,4,9,1,1,4,60,2,3,12,6,0,31313,32000,2080,3920,1200,480,1280,1144
1112,2928873,4,1,2,1,2,51,2,1,13,8,0,47728.4,65088.4,4510.6668,3701.3332,5840,2728,4842.6672,1084
1117,3004142,2,1,2,1,1,32,2,1,15,9,0,92751,110000,4160,5785.3332,796,1608,4037.3328,1376
1118,2992602,4,1,2,1,4,40,1,1,15,9,0,103717.6,119274.6,9562.6668,11844,3788,1500,28896,624
1121,3006002,2,9,1,1,1,51,2,3,12,1,0,5025,4828,1300,5492,2692,1880,6558.4,448
1122,2870464,4,1,2,1,2,63,2,1,16,9,0,90067.6,106797.6,3293.3332,3976,736,756,43897.0672,228
1130,3075913,3,1,1,1,2,58,2,1,15,9,0,95480,109000,2392,7673.3332,1200,904,7008,604
1132,3073324,4,1,1,2,4,31,2,1,13,7,0,43466.6,44986.6,3640,7228,3342.6668,1700,1678.4,920
1136,2806385,3,1,1,1,1,64,1,1,13,5,0,21244.4,21655.4,2600,4702.6668,724,900,12160,496
1137,2837444,3,1,2,1,4,27,1,1,15,8,0,54882.4,59982.4,3640,11052,8696,1844,12528,140
1139,2947733,3,1,2,1,2,60,1,1,15,9,0,186435,250000,3380,5009.3332,6988,2272,2602.6672,1360
1145,3072471,1,1,1,2,4,58,2,1,12,7,0,39755,41167,2600,5752,480,2332,1440,1232
1147,2924683,3,1,2,1,2,60,2,1,15,9,0,64208.8,70954.8,2773.3332,4100,960,1912,21066.6672,600
1150,3001632,3,1,2,1,1,50,2,1,15,9,0,127479.2,156949.2,6413.3332,6142.6668,1596,1352,4160,868
1155,2793275,3,1,2,1,1,57,1,1,15,9,0,118279.4,144961.4,8468,21028,9386.6668,3026.6668,8213.3328,1516
1159,3081013,3,9,1,1,2,41,2,5,13,6,0,29257,30000,2240,2572,725.3332,880,2000,240
1160,2997792,4,1,2,1,4,29,2,1,13,9,0,68334,78000,5730.6668,20634.6668,2984,924,4416,1568
1168,2802585,2,1,1,1,1,60,2,1,15,9,0,69254,78141,5546.6668,14389.3332,5360,3680,105856,656
1175,2874354,3,9,1,1,4,46,2,4,13,1,0,2540,2200,1733.3332,4152,1580,1032,3152,276
1176,2807885,4,1,2,1,1,59,2,1,12,9,0,87569.6,98294.6,2998.6668,61126.6668,3996,12492,2560,644
1177,2807905,1,1,2,1,1,57,2,1,12,9,0,77453,89000,2478.6668,3896,2532,2980,3840,1920
1184,2813925,1,1,2,1,2,54,1,1,12,9,0,61872.6,70138.6,1040,4348,872,1156,1984,580
1187,2923563,1,1,2,1,1,45,1,1,14,9,0,85676,1.00E+05,2773.3332,11392,4860,3360,10538.6672,720
1188,3085371,4,1,1,2,1,62,2,1,12,8,0,51603,53271,1646.6668,3216,800,1192,6080,412
1189,3045782,4,1,2,1,2,44,1,1,14,9,0,118485.6,148884.6,6113.3332,39928,5269.3332,2884,8874.6672,3832
1190,3065103,4,1,2,1,1,40,2,1,14,9,0,67484,76840,4056,13024,3760,2796,13920,80
1191,2945893,1,1,2,1,1,58,1,1,15,8,0,59026.8,62576.8,1733.3332,11993.6668,2960,840,4736,440
1193,2867574,4,1,2,1,1,56,2,1,15,5,0,21355,21500,8640,7269.3332,8432,1868,1920,3608
1194,2948353,1,9,1,1,1,52,1,4,11,9,0,84836,96000,3120,14088,13012,3884,901.3328,556
1197,3082142,2,1,2,1,1,50,2,1,14,9,0,69444.8,80514.8,4680,5800,828,1680,10122.6672,360
1200,3068572,3,1,2,1,2,43,1,1,11,8,0,51032,57500,1733.3332,5971.3332,1126.6668,2612,11648,240
1201,3009852,2,9,1,1,4,38,1,5,10,4,0,15399.2,16813.2,866.6668,4200,200,1400,480,160
1202,3003092,3,1,2,1,1,54,1,1,16,9,0,156513,185000,1560,18029.6668,481.3332,1408,4256,1496
1205,2876654,4,1,2,1,1,43,1,1,15,9,0,128431.6,154300.6,3120,4209.3332,1200,928,6720,320
1206,3084572,1,1,1,1,2,64,2,1,15,9,0,83686,97401,3693.3332,5588,2545.3332,1112,8318.4,712
1208,2954523,4,1,2,1,1,38,2,1,15,9,0,118885.4,137752.4,2253.3332,10489.3332,6160,1200,3840,892
1212,3062193,4,1,2,1,1,54,2,1,14,8,0,54009,60000,4477.3332,29028,3796,1192,14400,764
1215,2923343,2,1,2,1,1,53,1,1,16,9,0,115781.8,139646.8,5040,20091.3332,1461.3332,3852,3680,4628
1219,3072301,3,1,2,1,4,40,2,1,16,9,0,203488,260000,4680,6730.6668,945.3332,1786.6668,8960,256
1224,2998512,1,1,1,1,2,58,2,1,15,9,0,137734.8,170262.8,4840,13530.6668,944,4508,31036.8,1440
1227,3055653,3,1,2,1,4,50,1,1,14,9,0,70812.6,84433.6,7626.6668,14616,4242.6668,5080,7541.3328,2604
1232,3048652,2,1,2,1,2,57,2,1,12,9,0,187537,240000,3320,6465.3332,2844,2052,18112,960
1234,3007072,1,1,2,1,2,56,1,1,15,9,0,106490,129034,5633.3332,10525.3332,1333.3332,1844,14096,1832
1236,2992482,3,1,2,1,2,60,1,1,15,9,0,82019.2,91908.2,3813.3332,10441.3332,2000,3164,6784,1284
1238,2836634,4,1,2,1,1,36,1,1,12,9,0,90209.8,101903.8,6933.3332,13937.3332,11181.3332,3220,17952,2160
1243,2997852,4,1,2,1,2,58,1,1,12,8,0,54924,61088,3813.3332,4821.3332,2842.6668,1928,10538.6672,488
1244,2813425,4,1,2,1,4,34,2,1,12,8,0,49972,55000,3033.3332,7138.6668,424,816,2880,796
1245,2929173,3,1,2,1,1,29,2,1,14,8,0,49021,56000,5200,8010.6668,2960,3344,4992,4456
1248,3000732,3,1,1,1,2,61,2,1,14,8,0,60013,63600,1040,2136,480,1176,14638.4,224
1250,2813605,1,1,2,1,1,55,1,1,14,9,0,152922,196000,6920,65153.3332,3370.6668,2504,6762.6672,1900
1251,3069954,4,1,2,1,1,62,1,1,14,9,0,104981.2,127031.2,2773.3332,12928,10221.3332,1736,49600,5600
1253,2933033,3,1,2,1,2,64,1,1,12,6,0,37127.6,39094.6,8666.6668,7974.6668,8540,4144,25504,1400
1255,2805045,2,1,2,1,1,51,2,1,14,9,0,128908,164000,2166.6668,4510.6668,1216,1280,16240,1080
1264,2796085,4,1,2,1,1,51,1,1,15,9,0,93376,107500,5200,13088,2814.6668,2552,26186.6672,1568
1267,2845994,3,1,2,1,1,54,1,1,11,9,0,98589.6,120114.6,5893.3332,19217.3332,3850.6668,1960,36160,5868
1268,3070451,3,1,2,1,1,47,2,1,12,9,0,69237.2,76864.2,2686.6668,5402.6668,960,1100,14736,400
1271,2801765,1,1,2,1,1,63,1,1,15,9,0,156327,195097,10077.3332,28930.6668,19736,5180,10560,5584
1272,3001622,4,1,2,1,1,57,1,1,12,9,0,97760,113000,1993.3332,8364,2174.6668,840,3653.3328,960
1274,2877864,2,1,2,1,1,45,1,1,15,9,0,114425.8,131165.8,4368,15242.6668,1110.6668,1904,5136,2432
1277,3053571,1,9,1,1,2,51,1,5,11,6,0,33049,35250,1560,1108,857.3332,788,6080,640
1278,2807245,4,1,2,1,4,31,2,1,15,9,0,85479,105000,4160,7492,960,1148,1552,508
1284,2932733,1,1,2,1,4,58,1,1,15,9,0,66397,75000,10200,13128,6380,576,5696,2992
1285,2807555,3,1,2,1,1,53,1,1,13,9,0,83212,97000,4140,6130,43000,1712,7696,1284
1286,3053883,3,1,2,1,1,56,1,1,12,6,0,35180,36828,1317.3332,5005.3332,813.3332,2404,15605.3328,512
1292,2838554,1,1,2,1,1,53,1,1,13,9,0,100646.8,119985.8,6656,15758.6668,3640,2504,20533.3328,596
1293,3006262,3,9,1,1,1,63,2,3,14,3,0,15594.2,14574.2,2080,55666.6668,2001.3332,1540,8174.4,1452
1294,3088122,2,1,2,1,1,56,1,1,15,9,0,116672.4,145939.4,2489.3332,3778.6668,1244,1796,5008,360
1301,3081571,2,1,2,2,4,63,1,1,16,9,0,83670,93200,1698.6668,3228,1737.3332,1080,528,160
1305,2927073,3,1,2,1,2,59,1,1,13,9,0,144496,175000,8320,5613.3332,3840,2360,37120,12800
1313,2808385,1,9,1,1,4,61,2,4,10,5,0,30847,27560,6046.6668,2829.3332,5368,669.3332,17484.8,2380
1320,2991112,2,1,1,1,4,58,1,1,12,7,0,39307,44000,3813.3332,7456,1110.6668,848,9248,568
1322,2871894,1,1,2,1,4,61,1,1,12,9,0,126787,159242,901.3332,6581.3332,4132,1168,9824,480
1323,3082271,3,1,2,1,1,56,1,1,12,8,0,46816,50486,1646.6668,1926.6668,2390.6668,1364,2330.6672,260
1325,2844144,1,1,2,1,2,60,2,1,12,9,0,94442,113000,5893.3332,2669.3332,1920,1476,19413.3328,928
1326,3058444,3,9,1,1,4,58,2,2,13,5,0,25121,23319,2553.3332,7108,2466.6668,1080,9344,1840
1327,3050244,2,1,1,1,4,62,1,1,12,5,0,27199,28000,3293.3332,9740,1600,3616,9600,712
1335,3086002,2,1,2,1,4,52,1,1,12,9,0,82317,97050,1733.3332,9112,1228,2168,2602.6672,2416
1337,2991792,4,1,1,1,1,44,1,1,13,8,0,50599.6,56874.6,5373.3332,8448,3024,2392,9365.3328,2920
1340,3055251,2,1,2,2,2,53,1,1,12,9,0,72969.6,80819.6,5070.6668,3152,4720,1900,7125.3328,2348
1341,2813755,3,1,2,1,1,38,1,1,15,9,0,207784,244162,6066.6668,11093.3332,3853.3332,1620,3989.3328,664
1348,3048491,2,1,2,2,2,61,1,1,12,7,0,46298,49353,3245.3332,4233.3332,640,3100,12800,864
1349,2800065,1,1,2,1,1,47,2,1,14,9,0,67612,77680,7626.6668,11289.3332,4132,3316,8944,980
1350,2868684,4,1,2,1,1,53,2,1,13,8,0,63446.2,69227.2,2166.6668,6197.3332,848,720,9920,3796
1351,3004222,4,1,2,1,1,55,1,1,15,9,0,146589.8,181751.8,2253.3332,12020,2900,1516,9397.3328,1144
1354,2992302,4,1,2,1,1,59,2,1,14,9,0,82282,90200,6000,23412,11414.6668,7188,7040,4108
1358,2932603,3,9,1,1,1,55,2,3,15,8,0,54154,60000,6714.6668,13446.6668,11184,4160,5120,4664
1362,3059554,2,1,2,1,1,58,2,1,12,8,0,53623.2,60118.2,5546.6668,7077.3332,4104,3592,4896,1328
1363,3069612,2,1,2,1,1,57,2,1,15,9,0,65298.4,73530.4,1993.3332,7037.3332,968,2272,8650.6672,1480
1365,2996792,1,1,2,1,1,63,2,1,14,9,0,66278.2,75979.2,5373.3332,7029.3332,3756,2296,7596.8,1552
1367,2839984,3,1,2,1,4,57,1,1,14,9,0,127360,160000,8620,12896,2924,4536,14464,760
1369,2836864,3,1,2,1,1,63,1,1,14,7,0,42943,48000,4506.6668,11548,3268,3776,20544,800
1376,2810925,4,1,2,1,1,57,2,1,13,9,0,90697.6,108193.6,3813.3332,4342.6668,1600,920,2320,1600
1390,2947923,4,1,2,1,2,49,1,1,16,9,0,62115,74000,2961.3332,4664,153.3332,104,2400,1624
1393,2837934,3,1,2,1,1,31,1,1,13,8,0,54034,58000,3173.3332,20222.6668,3848,2584,1280,724
1396,3067474,2,1,2,2,1,51,2,1,15,9,0,74898,83530,1733.3332,11640,1704,2312,19200,912
1397,3005872,3,9,1,1,4,55,1,3,15,8,0,49121,60184,2253.3332,10724,1673.3332,1148,1386.6672,440
1399,3060561,3,1,2,1,2,48,2,1,13,9,0,106317,128200,2426.6668,13584,4000,1836,6080,640
1400,3080942,1,1,2,1,1,48,1,1,13,9,0,65585,75000,3120,6182.6668,1460,1600,7626.6672,1660
1402,3067551,3,1,2,1,1,27,1,1,13,7,0,42390,45003,2600,9216,1280,2100,9386.6672,1176
1403,3081003,3,1,2,1,2,63,1,1,15,9,0,96168,116000,866.6668,7286.6668,1148,6420,17392,556
1404,3001772,4,1,1,1,2,60,2,1,15,8,0,55510,58699,1300,1908,400,1040,10606.4,1740
1411,3067814,1,1,2,1,1,52,1,1,12,9,0,76432.2,90236.2,3640,3452,4432,1272,13866.6672,1424
1413,2990022,3,1,2,1,2,62,1,1,13,9,0,99651,120000,14200,5253.3332,5928,3184,22677.3328,824
1421,2948703,4,1,2,1,4,59,2,1,15,9,0,139313,176000,2600,8488,5676,900,14213.3328,256
1422,2930884,3,1,1,1,1,60,2,1,13,5,0,23942,24330,3466.6668,6890.6668,3800,2120,9746.1328,680
1423,3088313,2,1,2,1,1,33,2,1,15,9,0,74311,83001,1906.6668,7377.3332,2968,1680,8320,1512
1425,2994692,1,1,2,1,2,54,1,1,12,9,0,101299.2,122414.2,6586.6668,10800,5420,5960,12160,1360
1430,3085284,3,9,1,1,2,41,1,5,14,5,0,21799,21459,1906.6668,440,800,268,2718.4,240
1433,3058093,3,1,2,1,1,62,2,1,12,8,0,49499,56918,2600,8664,600,3152,15360,220
1434,3002782,3,1,2,1,2,52,1,1,14,9,0,97589,112785,572,2502,1676,861.3332,10048,100
1436,2794635,3,1,1,1,1,60,2,1,13,8,0,53468,57259,3813.3332,3342.6668,9256,2680,3836.8,880
1439,2813075,4,1,2,1,1,45,2,1,12,9,0,87386,1.00E+05,3293.3332,6588,1160,1840,5253.3328,3896
1440,2867704,2,1,2,1,2,62,1,1,13,9,0,87908.8,105722.8,2594.6668,3870.6668,1676,2568,6768,1208
1443,3058371,3,9,1,2,2,54,2,3,14,8,0,47919.6,51202.6,2253.3332,7628,2913.3332,3764,18076.8,760
1445,2923843,2,1,2,1,1,59,1,1,12,9,0,103198,125000,7626.6668,9104,157104,3532,960,1904
1448,3011162,2,1,2,1,1,61,1,1,13,9,0,72291.6,82204.6,4333.3332,6937.3332,1636,1492,8426.6672,784
1450,2872254,4,1,2,1,4,60,1,1,12,9,0,63598,72000,2652,5848,2904,832,25594.6672,232
1454,3046063,3,1,1,1,4,58,1,1,12,9,0,74876,87000,6453.3332,11756,2444,2924,17888,1548
1461,2991822,1,1,1,1,2,56,2,1,15,9,0,102424.2,114648.2,7973.3332,23364,1872,4384,40604.8,5044
1464,3007942,2,1,2,1,2,31,2,1,16,9,0,94665,115001,2600,3361.3332,3040,1808,3248,2348
1465,2844524,2,1,2,1,1,53,2,1,16,9,0,118535,134550,5672,22265.3332,17088,4928,18000,3348
1470,2873084,2,9,1,1,2,56,1,5,16,9,0,76869.8,93513.8,2808,2000,600,1072,2581.3328,2036
1483,2996582,2,1,2,1,1,60,2,1,12,9,0,77226.8,91783.8,4626.6668,8485.3332,15278.6668,3712,10560,204
1486,3066701,2,1,2,1,1,46,1,1,12,8,0,53123,59551,6240,9376,1992,3640,20629.3328,1080
1488,3008632,4,1,1,1,4,36,1,1,16,9,0,75395,90000,2133.3332,5526.6668,1250.6668,1266.6668,14944,64
1489,2992742,3,1,1,1,1,57,2,1,15,8,0,52091.2,56128.2,4160,18092,6033.3332,2440,64000,1520
1491,3049192,3,1,2,1,1,42,1,1,13,9,0,74186,88000,2045.3332,10901.3332,800,2120,70901.3328,632
1494,2924093,3,1,2,1,2,62,2,1,13,9,0,71333,82000,6240,37841.3332,3356,2588,16800,9392
1495,2872364,4,1,2,1,2,58,1,1,15,9,0,100040.6,116289.6,5200,8690.6668,3300,1380,6933.3328,200
1496,2846794,4,1,2,1,1,38,1,1,12,8,0,61906.4,69070.4,5920,14162.6668,1440,3384,15253.3328,2072
1498,2845624,3,1,2,1,2,58,1,1,12,8,0,46907,50600,2080,2168,1380,1808,10000,512
1499,2837294,3,1,1,2,1,56,1,1,13,5,0,23138,23484,4333.3332,6190.6668,3160,2668,5120,784
1500,2993032,3,1,1,1,4,28,1,1,12,7,0,41079,44814,7706.6668,9496,16814.6668,3896,21568,4768
1506,2951923,3,9,1,1,2,61,2,3,10,8,0,48231.4,51228.4,1622.6668,2254.6668,960,1488,5081.0672,544
1507,3073572,2,1,1,1,1,54,1,1,16,9,0,115297,125582,1906.6668,10852,326.6668,2132,22862.4,1788
1511,2807025,4,1,2,1,1,30,1,1,12,8,0,56543,63000,2946.6668,1848,64206.6668,848,3813.3328,172
1514,2997582,3,1,2,1,1,48,1,1,14,9,0,124957.6,144681.6,6341.3332,21062.6668,11884,1600,21456,2176
1515,2793125,3,1,2,2,2,55,2,1,12,7,0,46058.6,49327.6,2773.3332,3306.6668,3504,1488,15282.1328,1000
1516,2811395,4,1,1,1,1,51,2,1,13,4,0,15639,15300,1040,8004,320,2272,1040,312
1517,3009532,1,1,1,1,2,60,2,1,16,8,0,45106.6,50400.6,3584,3889.3332,1800,1700,5436.8,2720
1518,3077042,2,1,2,1,1,51,2,1,15,9,0,85211,101000,3026.6668,2724,2504,1104,3952,644
1519,2797725,2,1,2,1,2,39,1,1,14,9,0,91711,110000,2946.6668,5237.3332,3276,4256,10400,632
1521,2989592,4,1,2,1,2,62,2,1,13,8,0,46454,50556,3466.6668,5612,3064,4292,9792,1048
1522,3087742,4,9,1,1,1,53,2,3,15,5,0,26339,27400,1126.6668,2262.6668,504,832,496,372
1525,2807325,2,1,2,1,1,58,1,1,15,9,0,63760.4,73327.4,2520,3798.6668,942.6668,1088,7973.3328,560
1526,3074072,3,1,1,1,2,54,1,1,12,9,0,72614.6,80837.6,2253.3332,2540,420,1800,4000,280
1531,2870624,3,1,2,1,2,58,1,1,15,9,0,96098,112100,2652,2158.6668,1524,1112,17481.0672,1084
1533,2926653,4,1,2,1,4,36,2,1,11,9,0,121524,161000,2773.3332,15244,5436,1524,13866.6672,1320
1534,3066811,4,1,1,2,1,62,1,1,12,5,0,20000,20000,1040,7184,400,1044,2912,724
1535,2949853,3,1,1,1,2,63,1,1,12,8,0,58421,65500,3304,2528,433.3332,820,7550.4,2100
1536,2925353,3,1,2,1,1,51,1,1,15,9,0,126015,160000,9533.3332,10848,6008,3604,4096,432
1544,3081731,2,1,2,2,1,53,1,1,15,9,0,116129.6,134334.6,2253.3332,9966.6668,1600,2192,1664,1292
1545,2945443,3,1,2,1,1,59,1,1,16,9,0,117055,140000,3900,12462.6668,1028,2864,3728,1200
1551,3061382,3,1,2,1,1,44,1,1,12,9,0,88272.6,100148.6,5200,10086.6668,3450.6668,2960,7626.6672,2600
1554,3085322,1,9,1,1,1,58,2,3,12,5,0,25927.6,26942.6,2340,4589.3332,1896,2208,1760,952
1557,3068484,3,1,2,1,2,60,2,1,12,9,0,51999,76877,1022.6668,1188.6668,2333.3332,992,1568,244
1559,3068493,3,1,1,1,1,64,1,1,12,8,0,64495.2,68743.2,2513.3332,4528,896,1624,7200,836
1561,2843944,4,1,2,1,1,64,1,1,13,9,0,130580,148366,5522.6668,32009.3332,8570.6668,6004,16992,10616
1562,3074811,3,1,2,1,1,27,1,1,15,9,0,82500,98000,4333.3332,10741.3332,2536,2000,4400,536
1563,2804225,1,1,2,1,1,37,2,1,16,9,0,123338,152154,5321.3332,14562.6668,2064,3096,6933.3328,2460
1567,3085833,2,9,1,1,2,48,2,3,14,6,0,31787.6,33537.6,1820,4346.6668,826.6668,1640,4122.6672,240
1568,2813325,1,1,2,1,4,47,2,1,15,9,0,106532,130000,433.3332,6112,360,420,4000,344
1569,3051231,3,1,2,1,1,30,1,1,15,8,0,48439,52000,3986.6668,16069.3332,1592,2400,23658.6672,2356
1576,3065472,3,1,2,1,2,62,1,1,13,9,0,216589,278000,10400,4928,1600,1760,11200,480
1581,2927953,3,1,1,1,2,64,1,1,15,9,0,88148,96600,5373.3332,11424,2584,3468,11936,3172
1584,2878684,2,1,2,1,1,63,1,1,14,4,0,18397,16800,1906.6668,3597.3332,844,1960,8432,320
1588,3055462,3,1,2,1,1,49,1,1,13,9,0,115703,141150,7800,12634.6668,1066.6668,2680,5760,1760
1590,3062721,2,1,2,2,2,63,2,1,15,6,0,37597.6,37713.6,4826.6668,11756,2416,1312,7328,396
1594,2813975,3,1,2,1,2,55,2,1,15,9,0,108675.8,132776.8,3120,9158.6668,1104,2512,3600,2812
1598,3008332,2,1,2,1,4,37,1,1,15,9,0,87585.4,105993.4,2600,6512,1233.3332,1840,5557.3328,1656
1602,3055904,2,1,2,2,2,60,2,1,12,8,0,59499,65414,624,2685.3332,304,1012,13760,472
1606,2845104,3,1,2,1,2,55,2,1,13,9,0,62360,71638,3640,5732,2124,3400,10624,1544
1608,3076014,3,1,2,1,1,53,2,1,15,8,0,57037.8,67344.8,1906.6668,5309.3332,3612,3852,8880,632
1609,3052644,3,1,2,1,2,54,2,1,14,9,0,68498.4,81469.4,11960,4469.3332,1456,2104,5738.6672,1208
1611,2810545,1,1,2,1,2,53,2,1,12,7,0,39603.2,43443.2,3293.3332,4333.3332,620,2840,6933.3328,320
1612,2932843,4,1,1,1,1,63,2,1,13,9,0,84918,94600,2946.6668,15181.3332,5008,3280,74.6672,3514.6668
1615,2992712,4,1,2,1,1,45,1,1,13,9,0,63572,74005,6240,10277.3332,1988,3632,61888,3080
1618,3047033,3,1,2,1,1,56,1,1,15,9,0,238380.4,313300.4,22320,35210.6668,3116,3956,5664,1524
1619,2845454,4,1,2,1,4,33,2,1,14,9,0,86598,102000,9813.3332,17120,3436,2168,9434.6672,4028
1622,2923193,2,1,2,1,1,56,1,1,12,8,0,59225,67890,3466.6668,11408,4000,3304,20000,872
1628,2989132,4,1,2,1,1,63,1,1,14,9,0,75599,92001,5994.6668,10261.3332,5086.6668,3152,9536,676
1630,2792825,2,1,2,1,1,60,1,1,16,9,0,169747.8,211240.8,3626.6668,30618,12506.6668,3780,56000,6944
1634,2933663,3,1,2,1,2,56,2,1,14,9,0,127965,161100,3120,16078.6668,1280,2840,29930.6672,940
1635,3088471,3,1,2,1,1,50,1,1,13,8,0,65723,69604,2166.6668,4786.6668,748,1756,33136,5832
1636,3076902,3,1,2,1,4,28,2,1,15,8,0,48620.2,52609.2,1126.6668,2933.3332,2160,400,720,32
1637,2803645,4,1,1,1,2,61,1,1,16,9,0,88179,1.00E+05,3746.6668,1624,18432,1032,5520,80
1640,3070672,3,1,2,1,4,27,2,1,16,8,0,56582,66000,4373.3332,4260,860,612,4320,2264
1644,2799095,2,1,2,1,2,59,1,1,15,7,0,40357.8,43842.8,4472,5758.6668,5580,3308,43034.6672,1224
1645,2993832,3,1,2,1,1,51,1,1,15,9,0,122413,145000,4680,8829.3332,6136,5144,18304,1832
1648,2870404,1,1,2,1,2,49,2,1,12,9,0,80056,93000,1733.3332,6328,1680,2004,480,252
1649,2993962,2,1,2,1,1,42,2,1,13,9,0,145390.6,183727.6,6066.6668,11932,7168,4140,4160,2436
1653,3067764,3,1,1,1,4,28,1,1,15,9,0,75246,90000,3773.3332,5126.6668,885.3332,520,1728,240
1657,2931073,1,1,2,1,4,31,1,1,16,9,0,95071.4,113875.4,21093.3332,13820,9678.6668,2304,15200,4968
1662,2869714,4,1,2,1,1,44,2,1,12,8,0,62085,69684,2080,5346.6668,2104,1036,2560,744
1665,2869784,4,1,2,1,1,39,2,1,16,9,0,93028,108180,3481.3332,7028,1613.3332,1044,1792,228
1673,2953643,3,9,1,1,4,47,1,5,13,6,0,40220,38259,1213.3332,2932,660,1200,1678.4,440
1675,2877654,2,1,1,1,2,64,2,1,16,9,0,81046,98376,2340,3500,533.3332,1552,6640,3992
1676,3007332,3,1,2,1,1,47,1,1,14,5,0,25901.6,26551.6,2520,2170.6668,80,700,1248,140
1679,2952233,1,1,2,1,1,51,1,1,16,9,0,102125,115020,2340,10049.3332,2120,1940,5066.6672,308
1680,3054662,3,1,2,1,4,38,2,1,13,9,0,92306,109000,4853.3332,10152,4316,1912,11520,880
1688,2946053,4,1,2,1,4,51,2,1,11,5,0,28166,28361,1300,5156,361.3332,748,240,496
1694,3071983,3,1,1,1,1,49,2,1,12,7,0,41343.8,42286.8,1386.6668,21856,760,1164,912,588
1703,3063914,3,1,2,2,2,34,1,1,13,8,0,44198,50000,2600,3426.6668,4978.6668,3040,6400,600
1705,2806325,1,1,2,1,2,53,1,1,13,9,0,74702.4,86046.4,1733.3332,1469.3332,484,616,2400,220
1713,3011012,1,1,2,1,1,48,1,1,15,9,0,114610.4,137717.4,2686.6668,8444,1729.3332,2356,4197.3328,1008
1714,3060334,3,1,1,1,2,58,1,1,12,9,0,89158,1.00E+05,7072,4841.3332,5445.3332,3040,8960,2144
1715,2806335,3,1,2,1,1,58,2,1,13,9,0,121929,145000,1040,5800,653.3332,2736,640,640
1717,2838274,1,1,2,1,2,62,2,1,11,9,0,70390,80000,3120,4842.6668,3428,3580,9927.4672,2344
1725,3048931,2,1,2,2,1,50,2,1,14,9,0,81772.2,91617.2,5857.3332,6617.3332,5780,2920,5120,1912
1726,2925713,3,1,2,1,4,54,1,1,15,5,0,21827,21811,3501.3332,7464,2780,2240,11861.3328,756
1727,3057614,3,1,2,1,2,51,2,1,12,7,0,42269,46705,5800,4428,12049.3332,2220,6378.6672,568
1731,3073081,4,1,2,1,1,45,2,1,14,9,0,127411,154700,4160,8285.3332,1564,1300,58048,1888
1739,3078551,3,1,2,1,1,28,1,1,13,8,0,48897,55990,2065.3332,5560,3792,1232,480,472
1740,2997502,3,9,1,1,2,34,1,1,12,9,0,67303.4,73696.4,13693.3332,1776,7940,1344,3356.8,768
1742,2876564,4,1,1,1,4,58,2,1,12,6,0,33948,33459,346.6668,5640,400,440,3342.4,32
1745,3008932,2,1,2,1,2,62,1,1,12,8,0,48375,55003,2166.6668,3785.3332,1100,2052,4085.3328,800
1748,2925583,2,9,1,1,4,48,1,3,14,8,0,44465,50000,2874.6668,6016,1930.6668,736,6794.6672,1552
1749,2947963,1,1,2,1,4,34,2,1,12,8,0,57976,66000,2600,3560,726.6668,1340,8650.6672,600
1750,2995252,4,1,2,1,1,45,2,1,13,9,0,103689,128456,6760,16400,1752,4324,10848,808
1751,2845004,3,1,2,1,1,38,1,1,15,9,0,170490,221595,6600,14013.3332,8210.6668,2652,13045.3328,2908
1753,2841124,4,9,1,1,1,60,1,5,16,8,0,49570,55333,866.6668,4217.3332,173.3332,1816,8903.4672,104
1756,3067354,2,1,2,1,1,54,2,1,10,9,0,156765,196000,2946.6668,16381.3332,3300,3664,8320,664
1759,3073662,4,1,2,1,2,62,1,1,13,9,0,191085.6,223132.6,6633.3332,18941.3332,2314.6668,2980,20030.4,1496
1761,2925943,1,1,2,1,4,36,2,1,13,9,0,66172,76000,5546.6668,13064,3088,2280,41600,1376
1769,2993282,3,1,2,1,4,58,2,1,15,5,0,26361,26433,4853.3332,7280,1932,1240,5920,776
1772,3056032,3,1,2,1,1,32,2,1,15,9,0,112574,133000,6141.3332,24170,254400,2880,800,4696
1775,3075833,1,1,2,2,1,51,1,1,15,9,0,72418,80050,3380,5496,1041.3332,940,3258.6672,60
1777,2871594,3,1,2,1,1,61,2,1,15,9,0,74967.8,80285.8,1906.6668,15701.6668,1889.3332,1988,3248,332
1780,3075991,2,9,1,1,1,56,1,3,12,8,0,43984,51000,1733.3332,4613.3332,2388,1040,2010.6672,432
1781,2932523,3,9,1,1,1,45,1,5,13,8,0,48614.8,51219.8,8320,5721.3332,2080,1928,10450.1328,616
1782,3011022,2,1,2,1,1,35,2,1,15,9,0,164958,212008,5893.3332,5690.6668,4153.3332,1408,15498.6672,340
1787,3009252,3,9,1,1,1,49,2,3,16,7,0,37464,40487,1560,5630.6668,500,836,10272,592
1788,2841214,3,1,2,1,1,53,2,1,13,9,0,80935.6,90633.6,2472,11813.3332,6980,3200,9504,472
1789,3060274,3,1,2,1,2,56,1,1,15,9,0,67102,78235,6933.3332,13638.6668,4736,1616,12224,940
1794,3011182,4,4,1,1,4,48,2,1,12,6,0,32266,31000,1958.6668,5404,2000,824,4800,348
1804,2795465,2,4,2,1,1,46,2,1,13,9,0,95553,115845,5754.6668,8541.3332,6400,3076,18240,4984
1806,2844344,4,4,1,1,4,58,1,1,15,6,0,35955,36000,5200,28214.6668,5600,2126.6668,384,560
1817,2799495,3,4,2,1,2,56,1,1,13,9,0,81439.2,94405.2,6933.3332,8412,4920,3648,15360,2364
1840,2795715,4,4,2,1,1,47,1,1,13,9,0,149106,176000,7973.3332,23314.6668,4485.3332,7440,11824,1536
1847,3005942,3,4,2,1,1,48,2,1,13,9,0,101412,119444,2426.6668,9582.6668,1276,1964,11200,712
1849,3064663,2,4,2,1,2,48,2,1,13,8,0,59123,65617,7184,6861.3332,3540,5136,16400,928
1852,2845134,4,4,2,1,2,46,2,1,15,9,0,161622.4,200923.4,11373.3332,39208,11996,5492,85856,5344
1855,2870434,3,5,2,1,1,50,2,1,13,9,0,113074.4,128013.4,3553.3332,8501.3332,1274.6668,1704,9610.6672,3524
1858,3059182,3,9,1,1,1,27,1,5,13,5,0,28575,28368,3013.3332,6189.3332,2258.6668,2224,6400,864
1859,2810635,2,4,2,2,1,46,2,1,12,9,0,129637.4,153975.4,2773.3332,9132,5905.3332,3320,18864,524
1883,2841934,3,9,1,1,1,41,1,5,15,5,0,22421,22038,4506.6668,7600,1420,1920,19049.6,428
1887,3059854,3,4,2,2,1,44,1,1,12,9,0,115387,135000,10746.6668,11926.6668,6737.3332,5212,4800,1600
1895,3088072,3,5,1,1,2,61,1,1,13,9,0,79399.8,89075.8,2253.3332,3770.6668,637.3332,1684,9929.0672,504
1902,2803445,3,5,2,1,2,53,2,1,14,9,0,76244,81955,1906.6668,4274.6668,1664,3140,7246.4,400
1929,2805345,2,5,2,1,1,53,1,1,15,9,0,199827,236259,4686.6668,18996,62853.3332,4880,21086.4,1852
1930,2925273,3,4,2,1,1,59,2,1,12,9,0,122887,145000,13000,17481.3332,2980,3496,28720,2016
1931,2988902,1,4,1,1,1,57,1,1,16,9,0,93846,106410,7626.6668,20073.3332,3509.3332,5328,10538.6672,720
1964,2994473,3,9,1,1,4,48,2,3,12,6,0,38636,38866,3466.6668,15016,1268,3440,1280,232
1995,3059011,3,4,2,1,1,50,2,1,13,9,0,97333.6,110928.6,10400,8572,3856,4000,9429.3328,1200
1998,3058221,3,9,1,1,1,57,2,2,12,5,0,27711,24748,8496,6758.6668,1728,2868,5264,480
2001,3065974,1,5,2,1,1,53,2,1,15,9,0,121605.8,139621.8,5720,17309.3332,5242.6668,4484,28202.6672,848
2011,3067781,1,5,2,2,1,50,2,1,12,9,0,73857,78422,1733.3332,8013.3332,944,3600,8985.0672,288
2017,3076602,3,4,2,1,1,55,2,1,14,8,0,54064,60625,1820,3918.6668,1002.6668,1800,28800,40
2030,2930123,1,4,2,1,1,47,1,1,13,9,0,69571.8,73575.8,8320,24581.3332,12872,4796,19242.6672,1076
2033,2792005,3,8,1,1,1,60,1,2,12,5,0,21663,23920,3813.3332,6016,3324,4016,6517.3328,1056
2037,2873664,1,8,1,1,4,51,1,3,16,8,0,50069,60139,1473.3332,8038.6668,2850.6668,1924,4992,1480
2040,2873754,3,8,1,1,1,60,1,1,15,9,0,92144,115050,6293.3332,14594.6668,5052,2072,7056,1396
2041,3052744,3,8,1,1,1,60,2,5,15,7,0,37180,43620,2773.3332,4948,2204,1220,14144,4220
2042,2996982,1,8,1,1,4,39,1,5,15,8,0,52649,63000,2426.6668,14096,3796,1316,5024,1224
2043,2873804,4,8,1,1,1,52,1,1,12,9,0,83641,94277,3224,10390.6668,416,972,5248,420
2044,2806125,3,8,1,1,1,41,2,5,16,9,0,88030.4,109005.4,1282.6668,7837.3332,888,1288,3285.3328,2640
2045,2997112,4,8,1,1,4,47,1,5,15,9,0,58694.4,74888.4,8493.3332,29032,981.3332,3520,19200,1104
2046,2792385,3,8,1,1,4,46,1,5,14,8,0,51920,65000,4853.3332,7152,1280,1432,3200,568
2048,2792435,4,8,1,1,1,48,1,1,15,8,0,48988,60000,5546.6668,9306.6668,1600,2488,8000,428
2049,2874064,3,8,1,1,1,63,2,2,15,9,0,129604.2,168920.2,2846.6668,17464.3332,4781.3332,2720,46442.6672,980
2052,2929563,2,8,1,1,1,55,2,3,12,8,0,48976,58600,1317.3332,9581.3332,2592,2676,2576,1400
2053,2997242,2,8,1,1,2,50,1,3,14,8,0,47867.4,58687.4,6413.3332,6573.3332,3930.6668,2468,18026.6672,1328
2054,2874414,3,8,1,1,4,48,1,1,12,4,0,14097,15000,1560,3988,80,1040,1040,340
2055,3009132,3,8,1,1,1,62,2,5,16,8,0,49894,59000,1106.6668,2913.3332,1220,2040,5728,480
2056,3063754,2,8,1,2,2,55,2,5,16,5,0,27972.8,27742.8,2600,4845.3332,3432,2072,7116.8,64
2058,2929753,2,8,1,1,4,45,1,3,13,6,0,30854,36000,1906.6668,7549.3332,2669.3332,661.3332,11029.3328,240
2060,2792885,3,8,1,1,1,36,1,1,12,8,0,57987,66000,9533.3332,12261.3332,4746.6668,3580,11946.6672,1000
2061,2792925,4,8,1,1,1,27,2,5,16,7,0,42728,49000,5453.3332,26284,3381.3332,1636,1754.6672,1080
2062,2997562,3,8,1,1,4,46,1,3,15,8,0,42186,50000,1906.6668,5512,1360,640,3680,680
2063,2842264,2,8,1,1,1,54,2,3,15,8,0,47142.2,53871.2,2426.6668,8533.3332,1224,3200,13034.6672,560
2067,2807175,3,8,1,2,4,34,1,4,14,7,0,34776,41000,1286.6668,2868,1160,688,3381.3328,292
2072,3009762,4,8,1,1,1,45,1,3,15,8,0,58138,66000,2640,26616,7413.3332,1104,3200,4440
2073,2807305,2,8,1,1,4,35,1,5,15,7,0,36456,43000,1993.3332,3480,1496,480,1562.6672,732
2076,2793465,4,8,1,1,1,43,2,5,16,8,0,50735,58000,4333.3332,11249.3332,1644,1140,4960,144
2077,3064263,3,8,1,2,2,40,1,5,14,8,0,53830,63000,5373.3332,3690.6668,7172,2824,8181.3328,11000
2078,2807505,2,8,1,1,4,57,1,3,13,3,0,11750,10550,2486.6668,2836,160,120,96,1472
2081,2807615,1,8,1,1,1,53,1,5,12,8,0,48577,58000,2426.6668,6315.3332,4296,1140,11200,1200
2082,2807645,3,8,1,1,1,54,1,5,15,9,0,78993,99000,2993.3332,15980,1324,4994.6668,3786.6672,1948
2084,2807685,3,8,1,1,1,62,2,3,13,7,0,42646,49000,953.3332,4370.6668,592,1188,2842.6672,320
2086,2793815,2,8,1,1,4,60,2,3,13,6,0,30900,35000,1386.6668,7648,1153.3332,912,3829.3328,712
2088,2875514,3,8,1,1,1,28,1,5,15,7,0,42678,48300,1812,4578.6668,2386.6668,1436,320,396
2099,2794335,4,8,1,1,4,60,2,3,13,9,0,81766,107888,7397.3332,18140,5254.6668,1392,2090.6672,1648
2109,2794755,1,8,1,1,4,38,1,5,13,6,0,30624,35000,3120,9076,5844,1716,3349.3328,1320
2113,2794935,3,8,1,1,1,46,1,4,12,1,0,2153,2000,1733.3332,3329.3332,2133.3332,1840,320,160
2115,3065314,1,8,1,2,1,53,2,3,16,6,0,37567,39845,2744,13217.3332,3214.6668,2984,6304,800
2117,2795155,4,8,1,1,4,28,2,5,13,5,0,25388,28000,2253.3332,6640,704,1068,2080,1112
2118,3011124,4,8,1,1,4,30,1,5,15,2,0,6171.6,5758.6,1666.6668,6652,2386.6668,512,2528,493.3332
2124,2795335,1,8,1,1,4,37,1,5,15,8,0,48299,58000,11786.6668,11676,1560,1440,1525.3328,1600
2130,2999582,2,8,1,1,1,28,1,5,15,9,0,60511,72000,3466.6668,8924,12,1912,2080,1308
2142,3000032,3,8,1,1,4,45,1,5,15,8,0,53080,62000,4658.6668,9620,7468,1320,16800,4464
2148,2809855,3,8,1,1,4,56,2,2,12,6,0,29475,34220,1300,3132,480,632,560,116
2151,2809975,2,8,1,1,1,38,2,5,13,6,0,30634.8,34743.8,1473.3332,3125.3332,120,1028,208,1052
2152,2932563,3,8,1,1,1,54,2,4,13,2,0,8686,8216,2773.3332,2312,880,1245.3332,7114.6672,560
2153,2955703,2,8,1,1,4,38,1,5,12,6,0,29630,33630,2773.3332,4492,200,820,800,1452
2155,3066633,3,8,1,1,4,30,1,5,16,6,0,34233.2,37981.2,3482.6668,7496,160,1096,3605.3328,840
2156,3000552,1,8,1,1,2,57,1,5,15,9,0,84696,110250,2253.3332,2070.6668,620,620,485.3328,468
2158,2796605,2,8,1,1,4,29,2,5,15,9,0,79255.2,103925.2,5546.6668,12578.6668,3040,1380,4864,1200
2161,3000702,4,8,1,1,1,51,2,3,15,9,0,117898,135000,6266.6668,18528.6668,7120,1300,2848,7528
2163,3000742,4,8,1,1,4,55,1,5,13,8,0,47109,57232,3813.3332,5956,1724,600,640,400
2167,2796885,2,8,1,1,1,57,2,5,16,9,0,80113,1.00E+05,2080,15876,21017.3332,2516,17536,3668
2168,2878574,4,8,1,1,4,57,2,3,13,7,0,41645.2,49013.2,866.6668,6200,480,808,6400,284
2173,3001232,3,8,1,1,1,64,1,1,16,9,0,90085,111283,3033.3332,5870.6668,325.3332,2436,8478.4,2408
2175,2878734,2,8,1,1,1,47,1,3,15,9,0,63010,78038,2766.6668,5968,2205.3332,784,698.6672,440
2180,3067333,3,8,1,1,1,62,2,3,15,4,0,18072,17908,4437.3332,7165.3332,512,2840,175552,680
2199,2811875,2,8,1,1,1,56,1,2,13,9,0,74140,94000,1560,3194.6668,244,2328,3200,504
2200,2944803,4,8,1,1,1,54,1,3,12,8,0,45886,56000,4624,2909.3332,1396,800,4960,400
2203,3002042,3,8,1,1,1,31,2,5,16,7,0,36484,42060,2850.6668,5649.3332,484,1512,1952,2840
2204,3046992,4,8,1,1,1,49,1,4,15,7,0,41811.6,49839.6,866.6668,2289.3332,480,520,8224,32
2205,2798155,1,8,1,1,1,30,1,5,15,6,0,27634,30000,1877.3332,12205.3332,960,1824,1664,144
2214,2812315,1,8,1,1,1,33,2,5,15,9,0,93685,112000,2676,15178.6668,1708,748,2501.3328,1192
2223,3002612,2,8,1,1,1,38,1,4,13,5,0,23390,25000,780,6530.6668,528,1292,1856,600
2226,3078464,2,8,1,2,4,54,1,3,13,9,0,70672.4,85443.4,2600,3312,2900,372,20752,760
2228,3002762,2,8,1,1,4,30,1,5,15,9,0,70063,89000,1040,5652,974.6668,312,730.6672,1612
2231,2799035,3,8,1,1,2,62,2,5,14,6,0,34412,37090,3610.6668,8117.3332,680,2984,42853.3328,1132
2232,2799085,3,8,1,1,1,41,1,5,15,7,0,39789,45100,4013.3332,11169.3332,3700,1632,960,2152
2237,2946013,3,8,1,1,1,55,2,2,16,9,0,67535,79005,10016,6481.3332,800,1876,12464,220
2239,3003072,4,8,1,1,4,30,1,5,13,6,0,29574,33000,2426.6668,4442.6668,2086.6668,640,869.3328,352
2241,2923913,4,8,1,1,4,35,1,5,10,6,0,31324.4,35405.4,10920,15664,3060,960,5936,960
2246,3078973,2,8,1,1,4,62,2,3,12,8,0,55072.4,67336.4,780,4564,408,1116,26384,1324
2247,2927823,4,8,1,1,4,40,1,5,16,7,0,40647,47000,5200,7468,1000,1840,7680,1048
2250,2924243,4,8,1,1,1,62,1,5,16,9,0,84505,102200,4826.6668,16318.6668,3740,1860,32426.6672,12856
2252,2799785,3,8,1,1,1,46,2,5,13,8,0,47907,53323,4680,9017.3332,600,1792,11408,816
2255,3079374,2,8,1,2,4,52,1,5,12,5,0,24001,25500,693.3332,1580,400,240,8832,240
2259,3079433,2,8,1,1,4,29,1,5,15,6,0,30641,35000,520,2812,340,376,8666.6672,240
2260,2996142,4,8,1,1,1,56,1,3,13,8,0,53570,64000,3120,12805.3332,6280,2072,5600,986.6668
2263,2946703,3,8,1,1,1,62,1,3,12,6,0,34680,38480,1646.6668,3056,1593.3332,1120,7472,1368
2268,3079614,3,8,1,1,2,59,2,3,13,6,0,30735,35568,1560,3257.3332,344,1608,11520,300
2269,2924913,4,8,1,1,4,39,2,5,15,7,0,35621.6,40835.6,9706.6668,34072,800,5360,88736,2980
2270,2836284,4,8,1,1,4,42,2,3,12,6,0,27019,30014,3320,7020,344,768,3125.3328,576
2271,2992432,1,8,1,1,1,54,1,4,15,8,0,49190,55364,3570.6668,11104,3356,1532,15024,1560
2274,3069572,3,8,1,1,4,31,1,5,15,5,0,26676,29000,2773.3332,2720,240,344,3411.7328,260
2275,2947203,3,8,1,1,1,54,2,3,14,9,0,78743,1.00E+05,1473.3332,3738,1136,1516,5130.6672,1552
2278,2925103,4,8,1,1,1,60,1,3,15,5,0,25800,27884,2426.6668,14244,1194.6668,3320,6876.8,1160
2279,2932693,3,8,1,1,2,51,2,3,12,6,0,27990,32344,2080,4522.6668,22520,2256,26517.3328,20
2281,2800575,3,8,1,1,2,54,2,5,14,3,0,10333,10000,3293.3332,2649.3332,1008,1552,16528,808
2282,3004722,4,8,1,1,4,51,1,5,13,9,0,59439,76000,658.6668,6264,344,424,1600,320
2283,2800605,3,8,1,1,4,45,2,5,14,6,0,32775,38000,5546.6668,5152,1520,2352,9909.3328,472
2284,3004812,4,8,1,1,1,31,2,5,15,9,0,86854,114006,1640,1320,506.6668,636,6208,996
2286,2800775,4,8,1,1,2,52,1,5,12,6,0,34873,38735,589.3332,3902.6668,3100,2432,1280,476
2287,2800805,4,8,1,1,4,28,2,1,12,7,0,38812,45000,4160,11780,880,444,17632,320
2288,2947463,3,8,1,1,1,32,1,1,15,8,0,55984,65000,33953.3332,8573.3332,184,2200,1200,5752
2289,2837154,3,8,1,1,1,49,2,5,15,6,0,31699,35000,2622.6668,5184,3501.3332,1040,8512,928
2292,2801015,1,8,1,1,1,29,2,4,14,6,0,26677,30000,2426.6668,13757.3332,4228,3488,3136,940
2294,2801065,3,8,1,1,4,33,2,5,15,8,0,55605,65350,7986.6668,10417.3332,7240,1576,3541.3328,1704
2296,2801145,4,8,1,1,4,47,2,3,13,6,0,29773,34035,3986.6668,7196,1304,1940,5520,396
2297,3005262,1,8,1,1,4,57,2,3,16,8,0,42273.2,50446.2,1980,15916,1732,1692,17648,368
2298,3060132,3,8,1,1,2,64,2,2,11,6,0,27327.2,30792.2,2008,2713.3332,1564,2580,4853.3328,768
2301,2801495,3,8,1,1,2,62,1,3,12,6,0,31065,36333,5026.6668,2694.6668,4888,2022.6668,10912,912
2303,2993352,4,8,1,1,1,49,2,4,16,8,0,45483.6,50252.6,6226.6668,10353.3332,5093.3332,3400,25248,2944
2304,2925803,3,8,1,1,1,64,2,3,15,6,0,31675.6,36120.6,3482.6668,4673.3332,1156,2640,9600,768
2307,3070474,3,8,1,1,1,46,1,3,11,7,0,38966,45000,433.3332,1812,853.3332,1156,9706.6672,10968
2317,2870374,4,8,1,1,2,54,1,1,11,9,0,91496,115725,5026.6668,3709.3332,146061.3332,1744,9040,760
2322,2838364,2,8,1,2,1,53,1,3,11,5,0,20649,22000,3466.6668,5702.6668,800,2824,3392,1120
2323,2926643,4,8,1,1,4,37,1,5,12,8,0,53197.8,66523.8,3922.6668,11080,1812,1560,5546.6672,760
2329,2838584,3,8,1,1,1,37,1,5,15,7,0,37930,42000,3466.6668,6454.6668,3242.6668,1112,3840,876
2330,2812075,4,8,1,1,1,34,1,5,15,9,0,67401,76000,3466.6668,9238.6668,1036,1724,3648,352
2333,2802955,3,8,1,1,1,40,1,3,14,4,0,17201,18000,3813.3332,4428,2620,1760,2773.3328,352
2334,2926933,3,8,1,1,4,43,1,5,15,8,0,48962.4,56509.4,3640,8468,1049.3332,1720,6432,3212
2335,2843124,2,8,1,1,1,40,2,5,15,6,0,32938,37500,1386.6668,5142.6668,804,792,9642.6672,668
2338,3006802,4,8,1,1,4,51,2,3,15,5,0,23454,25902,426.6668,2904,1936,336,4746.6672,512
2342,3071363,2,8,1,1,2,58,2,2,15,8,0,49527,58000,1473.3332,3670.6668,2128,1724,9632,716
2343,2871324,4,8,1,1,1,55,1,5,15,8,0,50856,57800,1993.3332,5921.3332,2220,453.3332,2448,2508
2347,3006992,3,8,1,1,1,58,2,5,16,9,0,87138.6,117185.6,1473.3332,4712,3704,780,35296,2372
2351,2927373,2,8,1,2,2,52,1,5,14,7,0,36487.6,40634.6,3986.6668,2698.6668,748,2132,3200,400
2353,2927443,3,8,1,1,1,39,1,3,14,8,0,46365.4,55448.4,3120,7652,1020,2572,4160,808
2354,2808445,4,8,1,1,1,29,2,5,15,9,0,117129,150000,2773.3332,10544,400,660,8000,1732
2357,3071902,2,8,1,1,4,59,2,5,16,8,0,47257,56200,1872,2292,516,452,34784,400
2360,3007392,1,8,1,1,4,28,1,5,12,8,0,49029,59000,3293.3332,2252,596,752,1664,336
2362,2927653,3,8,1,1,4,39,1,3,15,8,0,44080,50000,1386.6668,7480,3712,1080,14800,1480
2368,2954593,4,8,1,1,4,35,1,5,15,8,0,43109.6,51198.6,1646.6668,6080,2508,784,2048,228
2371,2950033,3,8,1,1,4,64,1,3,14,9,0,78466.2,96859.2,3026.6668,5272,4036,1236,11584,5244
2373,2950083,3,8,1,1,1,42,2,3,15,9,0,66653,85000,2600,3660.6668,3176,1580,1626.6672,988
2374,3007752,2,8,1,1,1,64,2,3,14,6,0,30784.4,34752.4,1126.6668,3156,358.6668,724,6288,360
2381,2840644,4,8,1,1,2,62,2,3,13,5,0,22225.6,24409.6,3813.3332,3725.3332,952,1704,12485.3328,624
2388,2805515,3,8,1,1,4,45,2,3,14,7,0,40201,45000,606.6668,4146.6668,2292,880,4832,1960
2392,3072761,2,8,1,1,1,61,2,5,15,8,0,57184,68000,2449.3332,4862.6668,2192,1620,3680,452
2396,2805645,3,8,1,1,1,44,1,5,14,9,0,85395,103000,1560,6068,664,1884,8522.6672,1056
2397,3059543,2,8,1,1,1,43,2,3,15,6,0,27855,30000,3680,8080,2602.6668,2780,2064,448
2398,2928935,1,8,1,1,4,36,1,5,16,6,0,27636.8,31590.8,2600,16960,2120,2000,14080,1200
2399,2996782,4,8,1,1,4,36,1,5,13,5,0,24899,27000,2426.6668,10152,636,1176,6336,816
2405,3086952,3,8,1,1,4,27,1,5,15,9,0,76465,97000,4680,3100,153.3332,520,1040,1300
2407,3008762,1,8,1,1,1,37,1,3,16,8,0,48244,57000,693.3332,3740,2880,1040,9504,468
2409,2929393,3,8,1,1,4,53,1,3,12,7,0,42375,48000,3120,9344,1928,2080,2570.6672,696
2412,3008912,1,8,1,1,4,48,1,3,15,9,0,57129,70000,2513.3332,6536,1584,132,7200,448
2418,3073522,3,8,1,1,4,59,1,3,12,6,0,27581,30000,1386.6668,2340,445.3332,620,960,320
2421,3060214,2,8,1,2,2,49,2,5,16,6,0,35497,38000,2080,2365.3332,960,1732,26752,164
2423,3046424,3,8,1,1,4,40,2,5,15,6,0,33894.8,38837.8,1906.6668,13228,2348,1920,1317.3328,1124
2425,2929953,1,8,1,1,1,49,1,3,12,9,0,96600.6,119173.6,4680,16925.3332,65832,1848,480,80
2426,2929993,2,8,1,1,4,42,1,3,15,9,0,55263,70000,5304,7850.6668,600,664,16896,3728
2429,2930043,3,8,1,1,4,58,1,3,11,6,0,31300.4,34531.4,3482.6668,7020,3648,1076,18965.3328,592
2431,2842354,1,8,1,1,4,47,1,3,15,8,0,47597,58633,1733.3332,18064,1513.3332,2832,3184,968
2433,3053564,3,8,1,1,1,52,2,3,15,6,0,35257,38100,5373.3332,8725.3332,2704,1640,29232,720
2434,2952343,4,8,1,1,4,40,1,3,16,9,0,83721.6,110087.6,2426.6668,7292,893.3332,1092,3813.3328,3900
2437,2842494,1,8,1,1,4,59,1,5,15,8,0,47104.6,57915.6,3466.6668,11052,960,744,5573.3328,560
2440,2930493,3,8,1,1,4,32,2,5,16,7,0,41527,46600,2946.6668,5618.6668,1857.3332,512,400,828
2441,2846474,4,8,1,1,4,28,1,5,14,5,0,22715,24700,7280,10464,2932,440,3200,616
2443,2952653,2,8,1,1,4,34,2,5,14,5,0,21656.2,24500.2,1386.6668,3704,1022.6668,1424,3520,1032
2445,2842734,4,8,1,1,1,51,1,5,13,7,0,46022,48000,3306.6668,16826.6668,2313.3332,2164,7424,88
2448,2812015,3,8,1,1,4,32,1,5,16,9,0,68840,83000,2813.3332,7888,4206.6668,960,4480,1372
2451,3088064,3,8,1,1,4,36,1,5,16,8,0,45717,55100,1213.3332,5904,592,1712,592,1052
2454,2930795,3,8,1,1,4,30,1,5,12,6,0,28742.4,32526.4,2600,6440,1100,2104,693.3328,824
2456,2812285,2,8,1,1,1,30,2,5,15,5,0,24161,27000,780,2569.3332,420,1224,2186.6672,352
2457,2953283,4,8,1,1,2,61,1,5,14,5,0,20211,21528,3726.6668,3456,1120,704,13216,296
2459,2807955,1,8,1,1,1,62,2,5,14,9,0,107108,130000,918.6668,5018.6668,773.3332,652,800,760
2460,2930953,1,8,1,1,4,49,2,3,12,4,0,14431.8,15391.8,1906.6668,4384,824,1514.6668,3616,256
2463,2808135,4,8,1,1,1,33,1,5,16,9,0,95984,125250,2506.6668,7366.6668,1678.6668,1412,1920,600
2465,3085293,2,8,1,1,1,55,1,5,13,5,0,20425,22180,1126.6668,2760,348,748,4506.6672,640
2470,2931303,3,8,1,1,2,44,2,3,13,5,0,21720,23920,1386.6668,3513.3332,3308,1660,37184,1160
2472,2953983,2,8,1,1,4,32,1,5,14,8,0,42839,50000,1160,2616,850.6668,360,800,1716
2473,2954053,2,8,1,2,1,58,2,2,12,3,0,11854,11842,1300,2093.3332,173.3332,1360,160,168
2476,3085662,3,8,1,1,1,56,2,5,16,8,0,45590,52000,520,1492,696,880,1888,748
2478,2844074,3,8,1,1,4,32,1,5,15,9,0,85120,105000,3536,6184,1484,784,4800,1340
2482,2991392,2,8,1,1,4,53,2,3,14,5,0,20772,22650,3640,5532,256,1172,7152,3648
2483,2991452,3,8,1,1,4,33,2,5,15,8,0,43409,52000,2800,10005.3332,1324,1912,9301.3328,792
2489,2995912,4,8,1,1,4,49,1,3,13,7,0,36064,40136,7922.6668,11297.3332,1488,1988,4096,404
2491,2995932,2,8,1,1,1,32,1,5,13,8,0,46802.6,56548.6,6586.6668,10661.3332,9644,5444,5760,1280
2495,3075271,3,8,1,1,4,44,1,3,15,9,0,55783,71500,1213.3332,4180,5678.6668,468,4442.6672,272
2496,2954834,3,8,1,1,4,29,1,5,16,7,0,36896.2,43062.2,606.6668,7640,480,132,2272,292
2497,3086223,3,8,1,1,1,49,1,5,12,9,0,56661,70018,1906.6668,2190.6668,1112,1320,1386.6672,652
2500,2809375,2,8,1,1,1,58,1,3,12,8,0,52925,65003,1906.6668,3325.3332,676,1084,2949.3328,428
2505,3045664,3,8,1,1,4,53,2,5,13,5,0,25778.2,27925.2,4920,9949.3332,3570.6668,4644,39536,960
2508,2996322,4,8,1,1,4,28,1,5,16,9,0,65027.4,82356.4,4272,6008,4010.6668,1424,13120,6912
2511,3086571,3,8,1,1,4,50,2,5,16,8,0,45862,56012,1386.6668,3108,4296,492,1040,284
2515,2844984,3,8,1,1,4,36,1,5,13,6,0,28151.8,31802.8,3482.6668,11656,1200,2480,277.3328,656
2523,3056174,3,8,1,1,4,38,1,5,15,8,0,48403,57000,4853.3332,4398.6668,1140,806.6668,9760,524
2527,2932903,4,8,1,1,1,62,2,2,16,9,0,90485,105411,4285.3332,29309.3332,1468,2060,8640,1008
2529,3076203,3,8,1,1,1,63,2,2,16,8,0,59310.2,64194.2,1820,24921.3332,840,1192,4080,240
2530,3069961,3,8,1,1,4,55,1,5,13,7,0,38553,45000,2773.3332,5376.6668,800,3220,160,800
2532,2810845,4,8,1,1,4,44,1,5,13,8,0,48796,59800,953.3332,4080,849.3332,780,69.3328,268
2535,3046274,2,8,1,1,1,46,2,5,13,8,0,44193,51000,433.3332,2917.3332,81458.6668,880,1285.3328,1488
2536,2878654,1,8,1,1,2,45,1,5,13,9,0,86066.8,106722.8,2006.6668,2556,1120,1532,2912,504
2537,2989052,1,8,1,1,2,47,1,5,15,9,0,102777,130000,3986.6668,8053.3332,8902.6668,432,29792,2304
2541,3070243,3,8,1,1,1,43,2,5,13,6,0,31912,36000,693.3332,5402.6668,960,748,3328,320
2542,3087362,3,8,1,1,1,29,1,5,13,8,0,56019,67670,2946.6668,1522.6668,800,840,1200,284
2543,2933563,4,8,1,1,4,57,1,5,15,8,0,56462.4,64342.4,6066.6668,10300,1596,1188,16560,3028
2544,2837645,3,8,1,1,4,40,1,5,12,6,0,28698.8,32774.8,3006.6668,6980,2345.3332,1364,4416,608
2552,2846164,2,8,1,1,1,53,1,3,13,8,0,53584,67003,3494.6668,4585.3332,4593.3332,680,7626.6672,492
2553,3087603,4,8,1,1,1,52,1,3,15,9,0,113598,146000,1386.6668,7485.3332,592,820,1557.3328,284
2558,2944583,3,8,1,1,1,32,1,1,16,9,0,92246,110000,3900,27861.3332,2889.3332,2180,13120,456
2561,3087892,1,8,1,1,1,59,2,3,12,7,0,46200.2,49823.2,2426.6668,10922.6668,608,920,1920,2408
2572,2870984,1,8,1,1,4,54,1,3,15,8,0,44228,52000,1213.3332,2520,520,252,1072,332
2576,2990262,3,8,1,1,1,35,1,5,16,7,0,36469,40000,4680,6817.3332,3497.3332,1280,1978.6672,1108
2578,2923363,4,8,1,1,4,29,2,5,16,5,0,23630,25507,7573.3332,18264,8764,480,800,1496
2582,2945543,1,8,1,1,4,45,1,5,15,9,0,62254,80000,1426.6668,7348,808,592,2016,260
2585,2867224,3,8,1,1,2,43,1,5,16,9,0,95380,110720,7540,2242.6668,1481.3332,1024,960,1076
2589,3068241,2,8,1,1,2,54,1,3,13,8,0,43543,50000,2080,2496,2880,1796,2080,340
2590,3050884,1,8,1,1,1,54,2,3,15,9,0,79942,100042,5213.3332,15274.6668,4108,2180,1792,1144
2591,2871454,3,8,1,1,4,27,2,5,15,8,0,47090,54000,2166.6668,2440,1720,60,8512,592
2592,2945853,1,8,1,1,1,56,1,3,15,1,0,1801,1801,1040,3528.6668,3136,1540,2830.4,456
2595,3047713,1,8,1,2,4,40,1,5,14,6,0,30849,34000,3946.6668,5725.3332,1716,4277.3332,1802.6672,1132
2596,2995282,4,8,1,1,4,55,1,3,13,6,0,32776,35000,1976,9320,1476,368,160,888
2602,2839654,2,8,1,1,1,38,1,5,13,9,0,78131.8,98983.8,6586.6668,14168,6248,2148,3520,10872
2606,2947365,2,8,1,1,4,29,2,5,15,7,0,36502,42888,3466.6668,2352,4804,604,1488,1592
2608,3082463,3,8,1,1,1,53,1,3,12,6,0,30608.2,33714.2,2080,2567.3332,406.6668,1280,4160,400
2609,2992802,3,8,1,1,2,30,1,5,13,2,0,8481,8000,2946.6668,3024,448,2784,288,40
2610,2836994,3,8,1,1,1,54,1,3,15,8,0,43671.2,50508.2,3482.6668,7404,480,2192,640,664
2611,2927753,1,8,1,1,1,47,1,5,12,8,0,49761,58000,7973.3332,10373.3332,4000,3588,4853.3328,4220
2615,2991652,3,8,1,1,2,57,1,3,13,7,0,36263,42000,9880,5221.3332,2001.3332,1664,480,1624
2618,2868144,3,8,1,1,4,55,1,5,10,4,0,18271,19200,1906.6668,2584,800,588,1317.3328,260
2620,2872864,1,8,1,1,4,58,1,4,12,6,0,30590.6,35411.6,953.3332,5020,1640,840,4853.3328,296
2622,2992032,2,8,1,1,4,61,1,3,15,7,0,38357,45379,1560,8712,50384,1192,1024,1488
2624,3082901,3,8,1,1,4,36,1,5,15,9,0,58453.4,75452.4,3640,6324,4424,1448,2736,784
2625,2840714,4,8,1,1,4,46,2,5,15,3,0,11305,11689,2704,8532,1720,996,5488,832
2627,2868594,4,8,1,1,1,56,1,3,14,8,0,58792,67900,1993.3332,9081.3332,600,1888,2944,1240
2639,2868994,4,8,1,1,1,40,1,5,13,7,0,42206,48000,2392,4505.3332,2680,1120,778.6672,500
2645,2878174,4,8,1,1,4,56,2,3,15,5,0,22351,24000,1733.3332,4640,360,1660,2080,400
2650,3006232,1,8,1,1,4,59,2,3,12,5,0,18477,20000,866.6668,3340,496,240,16240,220
2651,3083624,2,8,1,1,4,35,1,5,16,8,0,53089,65000,2806.6668,5304,2810.6668,1032,2048,496
2653,3077603,3,8,1,1,2,48,2,5,12,4,0,17143.2,18136.2,693.3332,3134.6668,240,1196,1146.6672,444
2654,3071083,1,8,1,1,4,27,2,5,16,5,0,20065,22000,3904,4090.6668,912,352,8320,36
2656,2992952,1,8,1,1,4,49,2,5,16,8,0,46158.6,56422.6,7149.3332,5016,5904,1048,5056,1096
2657,3070114,3,8,1,1,4,54,2,3,12,7,0,40201,45000,693.3332,2472,580,560,3328,1436
2667,2952043,4,8,1,1,4,49,2,2,13,4,0,17801,18725,1733.3332,5344,904,344,2464,560
2668,2870024,1,8,1,1,1,56,2,5,15,8,0,52958,58000,5893.3332,9644,220,1204,6880,540
2675,3053534,3,8,1,1,2,61,2,3,12,5,0,24323,28000,4680,2504,640,1312,3584,552
2677,2843924,1,8,1,1,1,43,1,5,15,8,0,45647,52000,5200,10952,1870.6668,4188,6240,2340
2678,3054753,3,8,1,1,1,62,2,5,15,9,0,72488,91500,4333.3332,6224,2533.3332,2360,6400,10104
2683,2954253,1,8,1,1,4,32,2,5,15,6,0,27824.4,31580.4,3446.6668,19692,4161.3332,460,2064,228
2686,2839894,4,8,1,1,4,27,2,5,14,6,0,28410,31731,3293.3332,8408,1732,344,320,744
2690,2951353,3,8,1,1,2,56,1,3,12,7,0,40949,47628,2600,1068,10148,904,1728,916
2691,3050322,3,8,1,1,4,56,2,1,16,8,0,52626,60000,1440,9609.3332,2588,504,320,188
2701,2994502,3,8,1,1,1,61,2,3,16,9,0,102725,136000,3906.6668,17713.3332,2352,4904,18581.3328,528
2713,2995452,4,8,1,1,4,46,1,3,14,9,0,83680,103000,13000,11536,400,1616,17920,1464
2714,2876224,1,8,1,1,4,60,2,5,12,9,0,60394,75000,1300,4646.6668,200,720,106.6672,416
2715,2839364,4,8,1,1,4,35,1,5,13,6,0,29163.2,32861.2,4072,6360,1252,648,5856,1680
2718,2950913,2,8,1,1,1,33,2,5,16,8,0,52709,63082,1820,4608,428,1424,416,436
2721,3048892,3,8,1,1,1,56,1,3,15,8,0,55220,60188,10330.6668,16945.3332,2520,2200,14560,872
2723,2867754,2,8,1,1,4,29,2,5,15,8,0,47121,58000,1906.6668,9005.3332,420,316,869.3328,232
2725,3061773,3,8,1,1,4,52,1,5,15,4,0,16583,18120,1456,7996,538.6668,2788,10240,2480
2726,3068904,3,8,1,1,4,29,1,3,12,5,0,21468.6,22961.6,1993.3332,2120,320,720,5200,280
2729,3046052,1,8,1,1,4,34,2,3,15,6,0,33912.2,38155.2,4981.3332,14984,8440,2492,2560,956
2732,3057561,3,8,1,1,1,48,1,5,16,9,0,103708.4,129905.4,2006.6668,13086.6668,2860,2832,9344,2120
2735,2951513,3,8,1,1,1,44,1,3,16,9,0,83049.8,109916.8,2080,1738.6668,1436,1140,2080,316
2737,2996032,3,8,1,1,1,50,2,5,14,5,0,25735.4,29488.4,2008,2949.3332,200,1744,2432,64
2740,3045763,3,8,1,1,2,27,1,5,13,7,0,35949,40000,7373.3332,10933.3332,8316,2220,6976,4908
2741,3055351,2,8,1,2,1,29,1,5,15,7,0,36962,41192,1525.3332,4061.3332,8266.6668,2160,7552,816
2743,3002322,4,8,1,1,2,54,2,3,12,5,0,26306,26691,1993.3332,2021.3332,1208,1500,2368,740
2744,2950153,2,8,1,1,1,43,1,3,16,9,0,89658,110000,2942.6668,11009.3332,2036,2064,2218.6672,1308
2746,2955123,4,8,1,1,4,33,1,3,15,8,0,42307,50000,2600,7444,892,1088,640,9492
2752,3061783,4,8,1,1,4,30,1,5,15,8,0,48857.8,59916.8,3482.6668,8252,106.6668,1844,4160,1202.6668
2753,2949563,1,8,1,1,4,29,2,5,14,5,0,24374.6,27368.6,1733.3332,3288,20,1500,3813.3328,332
2756,3052192,4,8,1,1,4,58,2,3,13,5,0,26603,29500,1866.6668,8848,4178.6668,912,44240,324
2757,3009592,4,8,1,1,1,44,2,5,15,9,0,64299,77156,1733.3332,5422.6668,3780,756,10197.3328,1100
2759,2996562,2,8,1,1,4,35,1,3,15,9,0,75281,98000,6240,10072,1624,720,3466.6672,552
2761,3080952,3,8,1,1,4,51,2,3,16,9,0,92807,115000,3761.3332,4645.3332,6974.6668,836,1520,552
2763,2845054,4,8,1,1,4,51,2,5,15,8,0,49810.2,61366.2,5200,28696,1205.3332,1080,3466.6672,1276
2768,3083874,3,8,1,1,2,52,2,5,15,2,0,7348.4,7076.4,780,2894,432,1360,816,120
2774,2926663,2,8,1,1,2,64,2,5,16,3,0,15316.2,14907.2,2773.3332,3732,680,2172,20736,372
2775,3008852,3,8,1,1,2,57,1,3,12,9,0,91514,120000,866.6668,6624,400,1580,3466.6672,500
2778,2989332,2,8,1,1,1,61,2,3,12,8,0,45527,53000,3466.6668,7161.3332,1956,1664,3040,208
2791,2871814,2,8,1,1,4,42,1,5,16,9,0,65674.6,78139.6,606.6668,3858.6668,2640,652,4512,544
2796,3056974,4,8,1,1,4,48,2,3,15,8,0,42293,50000,3120,7272,1524,320,6880,576
2800,2998912,2,8,1,1,4,27,1,5,15,8,0,44485,54000,3920,4600,6233.3332,600,9013.3328,1200
2802,2947123,3,8,1,1,1,45,1,5,16,9,0,81499,96621,2932,21670.6668,1462.6668,1980,1760,1412
2804,2923183,3,8,1,1,4,37,1,3,15,9,0,86848,107400,4853.3332,8648,3968,1360,7904,3424
2806,3083041,3,8,1,1,4,62,1,1,12,7,0,34435,40000,1178.6668,3952,4364,1152,2032,172
2808,3001182,3,8,1,1,4,34,2,5,15,6,0,33401,37000,1646.6668,4088,788,520,1941.3328,720
2810,2993112,3,8,1,1,1,55,1,3,13,9,0,65038,77178,4160,9202.6668,11018.6668,3520,12192,4660
2814,3081213,2,8,1,2,4,48,1,3,11,6,0,33203.2,36767.2,1508,964,1192,844,2176,316
2815,3074483,3,8,1,1,1,47,2,5,16,9,0,63981,78000,1040,3654.6668,300,844,42922.6672,512
2827,2843364,1,8,1,1,1,61,1,3,12,6,0,32000.4,36561.4,1560,6212,3084,1784,7680,1680
2828,3079844,4,8,1,1,4,29,2,5,15,2,0,7800,7800,1400,3896,1310.6668,100,304,1192
2831,3063013,3,8,1,1,1,41,1,5,12,7,0,37649,42000,2373.3332,3833.3332,3172,1588,5760,688
2834,2868084,3,8,1,1,1,62,2,3,16,9,0,61757,73075,3373.3332,14396,520,1048,2688,672
2836,2989092,1,8,1,1,1,55,2,3,13,7,0,39714.8,44789.8,4968,22925.3332,4848,2584,28448,1220
2839,3000402,2,8,1,1,1,45,2,5,15,9,0,75318,95003,1213.3332,1962.6668,122.6668,1196,1120,2700
2840,2955675,3,8,1,1,1,50,1,4,15,1,0,3946,3666,1612,2950.6668,366.6668,1812,1968,612
2845,2989312,4,8,1,1,4,48,2,5,15,9,0,61896.2,80933.2,6413.3332,8872,1848,672,1280,1880
2848,2997152,1,8,1,1,4,43,2,3,15,8,0,53332,67000,3466.6668,13242.6668,3040,922.6668,25920,480
2849,2993514,2,8,1,1,1,44,1,5,15,9,0,107375,135000,5706.6668,27976,4042.6668,1976,3584,8080
2850,3080803,2,8,1,1,1,44,2,3,11,5,0,22968,25550,1300,2436.6668,480,1704,1904,132
2852,3061231,4,8,1,2,4,39,2,3,15,5,0,24376,26385,1594.6668,1916,2232,1496,2400,720
2853,2932185,4,8,1,1,4,28,2,5,16,5,0,20527,22000,5200,10720,1360,1440,18432,640
2862,3061632,3,8,1,1,1,58,1,3,12,7,0,40442.4,48053.4,2773.3332,2308,2412,1664,6400,32040
2866,3062741,2,8,1,1,1,58,2,3,12,8,0,45193,52000,1386.6668,10348,516,1488,1600,312
2867,3057874,3,8,1,1,2,62,2,3,15,8,0,41232,50000,2553.3332,5788,2400,3520,2560,1484
2868,3071612,3,8,1,1,2,44,1,5,12,7,0,34996.6,41617.6,1906.6668,1760,800,1340,1040,320
2873,2995122,1,8,1,1,4,30,2,5,15,3,0,12261.2,12311.2,7466.6668,8704,826.6668,804,26880,1656
2877,3080374,3,8,1,1,1,32,2,5,16,9,0,60928,70000,2253.3332,5217.3332,724,860,1109.3328,3456
2878,2933643,2,8,1,1,4,31,1,5,13,6,0,30396.8,34895.8,2253.3332,6460,780,1320,1386.6672,16
2880,3083032,4,8,1,1,4,58,2,3,13,5,0,21341,23000,1386.6668,2580,180,148,3098.6672,516
2881,2876924,4,5,2,1,2,62,2,1,13,9,1,74041,80200,1906.6668,3112,4684,1940,5230.4,8
2885,2869384,1,5,2,1,4,40,2,1,13,8,1,54384,58000,3380,8798.6668,1700,1312,2240,220
2891,2992902,4,5,2,1,1,42,2,1,16,9,1,200627,250000,10573.3332,36973.3332,5493.3332,2653.3332,4160,600
2901,2797695,2,5,2,1,1,47,2,1,12,9,1,70113.8,78256.8,7973.3332,8177.3332,4636,1792,45952,1140
2926,3003012,4,4,2,1,1,48,1,1,12,9,1,159372,184000,2080,13658.6668,10360,2192,9440,1972
2928,3065522,3,5,2,1,1,54,1,1,15,9,1,99094,110819,5306.6668,14049.3332,5768,3520,31954.1328,4420
2948,2836304,2,4,2,1,1,53,2,1,15,9,1,183628.2,230810.2,16813.3332,16342.6668,14800,5792,2720,1072
2949,2842334,4,4,2,1,1,44,1,1,11,8,1,49303,50002,5026.6668,13334.6668,1644,2593.3332,17472,100
2956,2924763,3,4,2,1,2,45,1,1,11,6,1,34112,30000,7973.3332,3296,2592,3196,2240,304
2961,2952193,1,4,2,1,1,53,1,1,15,9,1,92023,104000,1485.3332,5456,3173.3332,2180,7802.6672,1080
2963,3079903,3,9,1,1,2,32,1,3,12,9,1,110471,129454,5566.6668,5940,64800,1920,266.6672,440
2971,2874014,4,4,2,1,4,44,1,1,13,8,1,59391,62407,6937.3332,11880,744,2120,3978.6672,3868
2976,2798425,4,4,2,1,1,54,1,1,14,9,1,98134,110735,1906.6668,10825.3332,5416,2408,16992,980
2997,2931213,2,5,1,1,1,52,1,1,15,8,1,63333.4,68966.4,13866.6668,20979.3332,5640,5356,21040,800
3010,2989932,2,6,1,1,4,38,1,5,11,6,1,36626.4,39159.4,2946.6668,13488,2800,2800,11733.3328,312
3012,3078632,1,6,1,1,1,57,1,2,15,6,1,34603.4,34531.4,1126.6668,5568,613.3332,1172,7120,292
3014,3045735,4,7,1,1,4,55,2,4,13,6,1,30668,30100,3120,13600,320,800,213.3328,440
3015,3082991,1,7,1,1,1,38,2,1,15,9,1,66418,73000,2500,6858.6668,720,1380,2080,1920
3017,3007272,3,7,1,1,2,51,2,3,16,9,1,75440,85400,3866.6668,5441.3332,1100,1688,21760,5200
3019,3010483,3,7,1,1,2,40,2,3,16,8,1,52925,60000,2513.3332,8012,2100,1748,2832,1204
3020,3059883,2,6,1,1,4,32,1,3,15,8,1,55000,62000,2920,7840,1240,3840,1376,240
3028,3007842,3,7,1,1,1,34,2,1,16,9,1,93415.4,110542.4,6153.3332,23053.3332,2413.3332,2872,8000,5592
3029,3087394,3,7,1,1,4,37,2,3,13,5,1,26529,25000,2993.3332,9028,794.6668,800,1920,444
3031,3000912,3,6,1,1,4,27,1,5,13,8,1,48674,52900,1560,5802.6668,1002.6668,840,2544,940
3032,2925063,3,6,1,1,4,31,1,5,14,8,1,50904,55000,5026.6668,14960,5040,3520,5269.3328,552
3039,3082361,3,9,1,1,4,54,2,5,12,4,1,22982.6,19011.6,1446.6668,3649.3332,2297.3332,2556,1678.4,524
3040,3010882,3,7,1,1,4,44,2,3,15,8,1,49660,57000,4073.3332,5520,864,2080,4832,120
3041,2842844,3,7,1,1,4,40,2,3,13,7,1,41894,44400,5200,12244,4530.6668,4020,192,2324
3048,3086501,3,7,1,1,4,32,2,5,14,5,1,28208,26720,2218.6668,4104,2408,1864,736,320
3051,2869814,2,6,1,1,2,43,1,5,12,9,1,109096,140000,2426.6668,2372,3317.3332,1160,13866.6672,900
3052,3079383,3,7,1,1,1,36,2,4,12,6,1,29849,30000,1866.6668,4440,1180,968,3536,448
3059,2800965,2,7,1,1,4,44,2,3,12,5,1,25147,25229,2088,10190.6668,2000,3308,9290.6672,912
3060,3079964,3,6,1,1,1,30,1,3,14,6,1,36772,38000,1386.6668,4586.6668,752,1380,869.3328,1878.6668
3061,2807495,3,7,1,1,1,46,2,4,13,4,1,21419,17160,2600,3629.3332,320,1736,2160,520
3065,3069474,3,7,1,1,4,30,2,3,13,7,1,43913,48700,3640,6240,400,940,4320,280
3068,3047472,3,6,1,1,2,42,1,5,11,7,1,40992,43000,4800,2338.6668,796,1616,11093.3328,1544
3070,3084363,3,7,1,1,1,28,2,4,15,7,1,38030,41075,1820,4492,789.3332,916,9344,704
3072,3010972,3,7,1,1,4,55,2,3,14,5,1,23364.2,23744.2,3606.6668,10436,800,1756,8000,720
3074,3062513,2,7,1,1,4,27,2,5,13,4,1,22196.2,17953.2,2426.6668,7224,3088,2152,4160,152
3079,2990722,3,7,1,1,1,31,2,2,13,3,1,17674,13000,4610.6668,13405.3332,5220,4504,4160,784
3082,3070774,4,7,1,2,1,50,2,5,12,5,1,23552,20000,1109.3332,3497.3332,600,1168,2800,276
3090,2845574,4,7,1,1,4,39,2,4,16,9,1,85590,107000,2773.3332,19652,4306.6668,1376,24960,964
3091,2927893,3,7,1,1,1,38,2,5,12,5,1,24693,21364,173.3332,6686.6668,2592,1208,2602.6672,812
3097,2990192,4,7,1,1,4,31,2,3,11,5,1,28722,27000,3813.3332,14480,2026.6668,3700,3840,1304
3098,3067041,3,7,1,1,1,52,2,3,13,7,1,38968,42400,4680,8820,2000,2904,21776,2996
3099,2867604,1,6,1,1,1,57,1,2,11,6,1,35305,38000,2664,4089.3332,3540,1404,4714.6672,872
3100,2922753,3,7,1,1,1,43,2,3,15,8,1,55924,60000,5040,11989.3332,2408,1860,10880,1960
3101,2841014,3,9,1,1,2,53,1,1,13,8,1,56874.6,66572.6,2773.3332,3341.3332,800,1484,4298.6672,444
3103,2798805,4,7,1,1,4,41,2,3,16,9,1,64655,74550,12133.3332,13093.3332,2864,1464,13680,3828
3106,3088443,3,5,2,2,1,34,1,1,13,9,1,78223.6,81152.6,4333.3332,6205.3332,6225.3332,940,8000,11268
3111,3004182,1,5,1,1,1,46,1,1,15,9,1,110016.4,120845.4,5546.6668,17346.6668,1280,2200,32000,240
3116,3086121,2,2,1,1,1,30,1,1,15,7,1,45455,48000,1973.3332,4204,6820,1388,18773.3328,488
3118,2992612,1,2,1,1,4,37,1,1,16,9,1,63803,72000,2426.6668,20716,5124,5120,17066.6672,2368
3120,2932023,1,3,2,1,4,51,1,1,16,7,1,42178.4,44209.4,4301.3332,13746.6668,1236,2680,752,244
3121,3068753,3,3,2,1,1,43,1,1,13,9,1,66950,72200,3640,4334.6668,1000,1588,5589.3328,696
3122,2877094,4,3,2,1,1,40,1,1,13,8,1,56469,59300,2513.3332,6502.6668,706.6668,2248,8666.6672,656
3124,3006272,1,3,2,1,1,55,2,1,15,9,1,148037,176000,1733.3332,8377.3332,1885.3332,1880,8960,1496
3125,2922793,1,2,2,1,4,31,1,1,12,7,1,40919,43239,3640,8380,1636,1500,6080,1976
3126,3080164,2,3,2,2,2,46,2,1,13,9,1,69712,75400,3726.6668,16972,3004,2592,2720,448
3128,2807855,4,2,2,1,4,54,1,1,11,8,1,49480.4,51754.4,3310.6668,5800,3680,1400,1920,996
3131,2998332,3,7,1,1,4,39,2,5,13,8,1,51662,57600,5373.3332,14184,1344,3660,4000,3304
3133,2809345,4,2,2,1,4,27,1,1,12,9,1,81211.4,97134.4,5026.6668,5168,2240,2208,7600,600
3137,2877144,4,3,2,1,4,30,2,1,13,7,1,42889,44000,2330.6668,5360,766.6668,560,208,1272
3138,2930733,3,3,2,1,2,51,1,1,15,9,1,114862.6,131336.6,7901.3332,6148,13940,3976,23136,5536
3139,3002102,1,2,2,1,1,39,1,1,15,9,1,133069.2,162245.2,4905.3332,15186.6668,794.6668,2020,12693.3328,7644
3140,2991572,3,3,2,1,1,42,1,1,15,9,1,165656.8,213130.8,4546.6668,18088,1220,2324,21552,10308
3143,3057752,3,2,2,1,1,34,2,1,15,9,1,87284,100025,3560,9646.6668,8033.3332,2848,55568,904
3147,3062493,3,2,2,1,1,28,1,1,16,1,1,3116,3116,3536,31568,3916,3640,693.3328,1000
3148,2994442,3,2,2,1,4,31,1,1,12,6,1,33624,31500,4680,18048,1740,2464,21600,400
3151,2950383,4,2,2,1,1,40,2,1,16,9,1,144587,180000,3553.3332,22641.3332,5304,1812,2880,5364
3152,3064611,3,3,2,1,1,41,1,1,16,9,1,78084,86400,8840,9330.6668,3053.3332,3756,57436.8,1920
3153,3008442,3,3,2,1,4,35,2,1,13,9,1,100635.4,114255.4,3120,4192,960,1300,15104,3644
3155,2796945,3,3,1,1,1,59,1,1,16,9,1,73935,85000,7106.6668,14094.6668,2984,4249.3332,10528,400
3159,2932363,4,2,2,1,4,35,2,1,15,9,1,67630,74756,3328,15853.3332,14260,4092,1600,2912
3160,3061553,2,2,2,1,4,31,2,1,15,9,1,134468,168000,3640,13808,2660,3008,130400,720
3164,2952983,4,2,2,1,4,33,2,1,15,9,1,134373,173607,6240,17932,2100,720,1760,3264
3165,3062603,1,2,2,1,1,33,1,1,16,9,1,100146,116000,5893.3332,15908,140480,3160,64,168
3170,2931923,3,2,2,1,1,38,1,1,14,9,1,106164,125000,7973.3332,25033.3332,4816,3776,23360,2680
3172,3074444,2,3,1,1,1,44,2,1,11,3,1,17274,13000,10686.6668,3946.6668,2133.3332,1720,7941.3328,500
3173,2928033,2,3,1,1,1,44,1,1,15,8,1,53024,58000,3986.6668,11052,3685.3332,2508,9344,1200
3174,3064394,2,3,2,1,4,48,1,1,12,8,1,53173,58288,5320,8328,3428,1216,10608,2396
3180,2992082,4,2,2,1,1,32,1,1,13,9,1,153043,192918,8666.6668,34089.3332,7269.3332,3812,13280,2416
3183,3000532,4,3,1,1,1,62,1,1,14,5,1,32290,29000,3120,14872,2252,1600,2720,480
3184,3004912,3,3,2,1,1,48,1,1,15,9,1,147243,174066,13729.3332,14360,5752,2884,7824,1040
3187,2875564,4,2,2,1,1,47,1,1,15,9,1,81104.6,91197.6,5026.6668,6466.6668,856,1356,640,152
3190,2808285,4,3,2,1,4,37,2,1,12,7,1,44589,46000,1560,6588,1712,1028,6240,980
3191,2872994,1,3,2,1,4,37,1,1,12,9,1,125480.2,154210.2,2270.6668,5104,1906.6668,1084,7925.3328,2604
3193,2952333,4,2,2,1,1,29,1,1,15,9,1,107717,119500,1126.6668,10590.6668,2200,2600,7802.6672,8320
3194,2926273,1,3,2,1,4,49,2,1,12,8,1,56086.2,61763.2,5314.6668,7112,3194.6668,800,10640,2920
3196,2806245,4,2,2,1,4,29,2,1,15,9,1,118045,132800,3085.3332,11032,736,1020,1040,1664
3197,2950603,3,2,2,1,1,36,1,1,15,9,1,129984,155000,4992,16417.3332,82726.6668,1204,6805.3328,12616
3198,2811835,4,3,2,1,1,60,2,1,12,9,1,115440.2,136583.2,2493.3332,10290.6668,1165.3332,2028,15520,2944
3200,3086481,3,3,2,1,1,44,1,1,12,9,1,75889,84000,3346.6668,5968.6668,2473.3332,1900,6960,1240
3201,2875334,3,3,2,1,1,53,1,1,13,8,1,50091,53650,5106.6668,6170.6668,7680,1532,33904,632
3203,2877044,3,3,2,1,1,48,2,1,15,9,1,136275,161892,5160,12290.6668,780,1396,7168,3216
3204,3053974,3,2,2,1,1,31,2,1,16,9,1,78158,85500,2125.3332,15141.3332,3165.3332,3032,6080,3560
3207,3006242,2,3,2,1,1,41,1,1,13,9,1,70288.6,79329.6,2233.3332,4132,1906.6668,2060,4757.3328,984
3210,3077193,3,2,2,1,1,35,1,1,13,9,1,122488,149002,3361.3332,15709.3332,5436,1260,7360,1504
3211,2838654,3,2,2,1,4,30,2,1,16,9,1,122821.4,151147.4,5269.3332,27020,1036,1076,21306.6672,912
3212,3081504,2,3,2,1,2,50,2,1,14,9,1,116188.2,141056.2,3640,2397.3332,800,988,20293.3328,496
3214,2813665,1,2,2,1,1,31,2,1,16,9,1,131173,155800,3586.6668,9956,2620,1504,8864,9356
3215,2794015,3,3,2,1,1,49,2,1,12,9,1,106188.6,126518.6,6066.6668,9897.3332,12500,4280,1760,5236
3216,3050533,2,2,2,2,2,35,2,1,13,6,1,33439.8,31251.8,4160,6793.3332,4908,3672,8320,1464
3217,3056453,3,7,1,1,1,46,2,3,13,1,1,1330,950,2426.6668,5724,1284,2704,6592,952
3219,3078091,3,2,2,1,4,33,1,1,13,7,1,39928,40000,2426.6668,4100,1880,720,4506.6672,4032
3222,2929643,3,3,2,1,1,42,2,1,13,9,1,74735,80000,4626.6668,17345.3332,3932,3600,7349.3328,1480
3225,3066273,3,3,2,1,1,45,1,1,12,9,1,87633,96000,6933.3332,11134.6668,2776,4108,6400,2320
3227,3046635,1,2,2,1,1,34,2,1,15,9,1,96039,110000,2080,58004,1172,1600,6949.3328,596
3228,2932343,4,3,2,1,1,47,1,1,16,9,1,157056,195001,15612,15884,6272,1592,34432,3628
3231,2874914,3,2,1,1,4,35,1,1,15,7,1,48926,49528,2504,6760,1401.3332,700,832,356
3233,2923763,3,3,1,1,2,38,1,1,14,8,1,59123,66000,3530.6668,7401.3332,2400,2450.6668,512,1496
3234,3073882,3,3,2,2,1,29,2,1,13,6,1,35339,33800,1733.3332,3446.6668,384,1836,720,1720
3235,3009772,2,3,2,1,1,59,1,1,13,9,1,79739,92001,3813.3332,5632,1036,2432,8842.6672,4640
3242,3063162,3,2,2,1,1,43,2,1,16,9,1,66244.6,74515.6,11613.3332,17530.6668,2000,4172,6400,1480
3243,3009932,3,3,2,1,4,28,2,1,12,7,1,44360,45268,2773.3332,6613.3332,360,780,5760,600
3245,2999412,3,3,2,1,1,44,1,1,11,8,1,63222,64000,4626.6668,24480,1912,2428,62800,1008
3246,2846684,4,2,1,1,1,43,1,1,14,9,1,91929.6,101736.6,6933.3332,16849.3332,640,2400,5962.6672,1584
3247,3011252,2,2,2,1,1,31,2,1,15,9,1,80269,90859,2600,5470,800,1188,3040,396
3249,3003272,4,2,2,1,1,30,1,1,14,9,1,117062,139152,3900,17937.3332,4693.3332,1820,8666.6672,2484
3254,2810895,3,2,2,1,1,30,2,1,15,8,1,56228,59000,3120,7774.6668,2236,1640,5872,396
3260,3078281,3,2,1,1,1,38,1,1,15,8,1,57538.8,59379.8,3380,9297.3332,4612,1312,8320,456
3264,2928433,4,2,2,1,4,43,2,1,15,9,1,65172,76000,3813.3332,11660,6185.3332,2980,16965.3328,264
3266,3006952,4,3,2,1,4,34,1,1,16,9,1,94381,103800,1820,7292,4600,1208,2400,422.6668
3268,2931253,1,3,2,1,1,41,1,1,15,9,1,121822.4,144516.4,6466.6668,22233.3332,7013.3332,4080,9760,5556
3271,2990782,2,3,1,2,2,48,1,1,10,8,1,53511.2,56503.2,1213.3332,5916,440,2080,30320,900
3273,3079794,3,2,2,1,1,29,2,1,14,8,1,58161,65000,1473.3332,9543.3332,12269.3332,1144,9664,2176
3274,2868894,2,2,2,1,1,37,1,1,13,9,1,96833,110000,2946.6668,10105.3332,1084,1680,1909.3328,160
3278,3002892,3,2,2,1,1,43,1,1,16,9,1,113829,131020,2600,7024,400,1280,4800,1156
3281,3067674,3,3,2,1,1,53,1,1,12,9,1,80133,95000,3553.3332,12509.3332,756,2660,4880,312
3282,3009882,3,2,2,1,1,30,1,1,13,8,1,64974,69000,2314.6668,7485.3332,1476,1700,14373.3328,1140
3283,2926623,3,3,2,1,1,43,1,1,16,9,1,146216,180000,22034.6668,26950.6668,13002.6668,4632,67072,9520
3285,2994042,1,3,2,1,1,39,2,1,15,9,1,83260,98000,5346.6668,13337.3332,5990.6668,3980,2112,3084
3291,2804705,3,2,2,1,1,32,1,1,16,9,1,101860,115659,2253.3332,10582.6668,1400,1324,7680,692
3294,2871024,2,2,2,1,1,38,1,1,16,9,1,133019.2,165153.2,2426.6668,4916,2680,1164,11200,1792
3295,3088081,3,3,2,2,4,37,1,1,12,9,1,75386,82232,3553.3332,3960,1669.3332,1760,10592,520
3297,2812735,1,2,2,1,1,38,2,1,15,9,1,121133,144000,5452,18761.3332,2477.3332,1880,7413.3328,6756
3299,2993142,2,3,2,1,1,37,1,1,12,8,1,57390,64000,5893.3332,21386.6668,2920,4128,3466.6672,1704
3302,3087371,2,3,2,1,1,49,1,1,15,9,1,123947.2,141022.2,4333.3332,16941.6668,3648,2460,1920,436
3303,2953553,1,7,1,1,4,41,2,5,14,9,1,88198.6,107039.6,6933.3332,82189.3332,1237.3332,4664,1838.4,392
3306,3066163,1,2,2,1,1,40,1,1,14,1,1,1783,1408,6229.3332,21557.3332,61520,4112,16000,4712
3308,2793085,4,3,2,1,4,28,1,1,13,7,1,46708,48500,8973.3332,10244,610.6668,856,8736,1300
3310,2805875,3,2,2,1,1,30,1,1,15,9,1,96462,112000,6860,4050,1125.3332,1076,9333.3328,436
3316,3049882,3,2,2,1,1,37,1,1,15,9,1,66528,70000,3813.3332,11317.3332,800,2484,6080,2060
3318,2845324,3,3,2,1,1,50,1,1,15,9,1,132931.2,167423.2,6906.6668,8930.6668,15200,4180,17440,1624
3324,3063132,2,3,2,1,1,36,1,1,14,9,1,93906,105605,4160,10862.6668,640,4624,8800,1064
3327,3075011,1,3,2,2,4,54,2,1,12,6,1,33748.6,31651.6,3006.6668,4284,640,1792,2928,240
3328,3051411,3,3,2,1,1,43,1,1,16,9,1,77768,87350,2773.3332,9497.3332,2224,2392,2048,720
3330,2992812,1,3,2,1,4,45,1,1,15,9,1,84756,95500,3986.6668,13352,1420,3672,8581.3328,1816
3333,3081421,3,3,2,1,1,43,1,1,15,9,1,92597.6,107218.6,2253.3332,2884,88,960,4784,464
3335,2846894,3,3,2,1,1,42,2,1,15,9,1,102582.4,120405.4,19064,16264,10060,5608,5216,9380
3343,2874524,1,2,2,1,1,33,1,1,16,9,1,126883.8,156718.8,3280,7090.6668,8789.3332,1092,5760,3960
3345,2803265,2,2,1,1,4,34,1,1,15,9,1,61875,70000,2401.3332,5704,1320,680,9402.6672,1324
3346,2873074,3,2,2,1,1,27,2,1,13,6,1,33073,32000,2166.6668,3865.3332,600,1392,1152,540
3347,2796205,1,2,2,1,4,28,2,1,14,9,1,71027,80000,4213.3332,11840,4121.3332,1448,6656,856
3348,3054614,2,2,2,1,1,27,1,1,12,9,1,80107,91301,2144,10521.3332,976,2340,16496,444
3349,2807475,4,2,2,1,1,35,2,1,16,9,1,104461.4,115844.4,5546.6668,15657.3332,932,1760,6400,1040
3350,2807405,3,3,2,1,1,39,2,1,14,9,1,66075,75300,1910.6668,3936,1380,1468,3440,440
3353,2843914,3,5,2,1,2,62,1,1,13,9,1,99497,118000,8840,3270.6668,4780,2676,5909.3328,1016
3355,2796395,3,2,2,1,1,30,2,1,14,9,1,88820,98000,5026.6668,8700,5980,2896,12800,1680
3362,3080611,4,2,2,2,1,37,1,1,15,9,1,93156,104000,2426.6668,21192,90816,1532,10880,2584
3363,2995052,3,2,2,1,2,31,1,1,14,8,1,54610.2,61121.2,4333.3332,6248,2400,1980,13445.3328,2236
3364,3058452,2,3,2,1,1,39,2,1,12,9,1,68937,78074,2946.6668,7869.3332,3120,2108,8853.3328,432
3367,3073174,3,2,2,1,4,31,2,1,15,9,1,93756,104800,1906.6668,5544,1372,1992,9200,816
3368,3076094,1,2,2,1,1,41,2,1,13,9,1,88741.4,102736.4,1733.3332,8862.6668,600,1388,24266.6672,268
3371,2837984,3,2,2,1,1,28,2,1,15,9,1,117769,135904,10533.3332,42692,3673.3332,3920,6400,3020
3373,2873894,3,2,2,1,1,34,2,1,16,9,1,103896.6,114516.6,4073.3332,10516,1508,1448,3200,1408
3376,2800485,1,3,2,1,1,58,1,1,15,9,1,150116,180000,15520,34871.3332,9424,6588,67840,1360
3379,3080452,1,2,2,1,1,40,2,1,12,8,1,53370,58000,2080,6070.6668,2456,2104,3280,400
3380,3055413,1,3,2,2,1,51,2,1,15,9,1,101137,115000,6066.6668,11676,4488,4288,2154.6672,2836
3382,2797235,3,7,1,1,4,39,2,3,15,8,1,47581,52800,3120,15256,5996,4996,7701.3328,960
3383,3083201,4,3,2,1,4,39,1,1,11,1,1,2354,2354,1213.3332,2644,2725.3332,392,2992,240
3384,2870234,1,3,2,1,1,53,1,1,16,9,1,123266.8,146602.8,5893.3332,9838.6668,5357.3332,2280,3680,1592
3387,2806995,4,2,2,1,1,31,2,1,13,9,1,109619.8,127133.8,1733.3332,9997.3332,1612,1276,6400,880
3390,2876644,2,3,2,1,1,54,1,1,15,9,1,100554.2,119059.2,3293.3332,3721.3332,8040,1612,5200,296
3394,3072831,1,3,2,1,1,45,2,1,16,9,1,68810,77000,2173.3332,4724,2436,1856,16250.6672,2320
3397,2800595,1,3,2,1,4,33,1,1,15,9,1,64309,70500,2773.3332,23117.3332,12620,3308,1088,380
3402,2999292,4,2,1,1,4,36,1,1,13,9,1,65501,72000,17160,18302.6668,9552,2276,19168,224
3412,2997602,4,3,2,1,4,43,1,1,13,9,1,94823,115000,8173.3332,18028,3980,3080,23893.3328,832
3413,2933323,4,3,2,1,1,50,2,1,14,9,1,76760,86268,1733.3332,6718.6668,9720,2316,3466.6672,264
3418,2996802,4,3,2,1,4,40,1,1,12,6,1,31615.4,30138.4,872,15164,3402.6668,1064,8960,544
3429,3071234,3,5,1,1,1,58,1,1,13,9,1,82341,88383,2238.6668,4336,800,992,2094.4,480
3441,2955413,3,9,1,1,4,34,1,5,12,6,1,34830,30000,1040,3908,1360,1004,7626.6672,316
3447,2873454,4,5,2,1,2,41,2,1,16,9,1,127601.4,155637.4,7072,3073.3332,7664,1540,12110.4,2688
3459,2797935,4,4,1,1,4,49,1,1,15,8,1,60991,64000,7106.6668,16340,7836,5420,26048,960
3462,2811655,4,5,2,1,1,40,1,1,14,9,1,121934,140668,6066.6668,16360,18756,2112,8000,2520
3467,3072182,3,7,1,1,2,50,2,3,15,9,1,68117,72000,2800,2138.6668,464,1772,5468.8,1080
3473,2871204,1,4,2,1,1,51,2,1,15,9,1,87504.8,95318.8,2540,10237.3332,4536,1701.3332,13866.6672,440
3483,3060851,3,3,2,1,1,45,2,1,15,9,1,86412.4,93900.4,8653.3332,9602.6668,3388,3440,6720,3720
3484,3075121,3,3,2,1,1,31,2,1,15,8,1,63942.4,66197.4,2773.3332,3015.3332,800,1352,4544,360
3489,2867824,1,3,2,1,1,34,1,1,11,9,1,108544.6,125164.6,5026.6668,13860,1372,2680,4800,8360
3491,2807605,1,2,2,1,1,38,1,1,16,9,1,212364.6,269070.6,4680,19252,4260,2040,10853.3328,4844
3492,3065431,3,3,2,1,1,41,1,1,15,9,1,96193.8,103622.8,6986.6668,10528,3652,2428,9013.3328,9764
3497,2953223,3,2,1,1,1,35,1,1,16,9,1,104931,115000,5913.3332,13080,2216,1880,22400,1760
3500,3069833,3,3,1,1,4,38,1,1,12,8,1,55450,60000,3346.6668,6828,9969.3332,2256,5024,4780
3502,3009732,3,3,2,1,1,44,1,1,15,9,1,83575,90000,2080,3785.3332,292,1700,15600,800
3503,2836944,1,3,2,1,4,34,2,1,12,9,1,66437,72478,11786.6668,21304,9720,2384,20800,560
3506,2809575,3,3,1,1,1,29,2,1,15,7,1,46026,45000,10746.6668,5246.6668,1844,1384,2565.3328,36
3508,3064374,3,3,2,1,1,45,1,1,15,9,1,117377,142000,6426.6668,17308,3600,3928,15936,2272
3512,3059472,3,3,2,1,2,35,1,1,15,9,1,87367.6,101459.6,6634.6668,16889.3332,1720,1880,10400,496
3518,2997782,2,3,2,1,1,34,1,1,12,9,1,104277,120000,6933.3332,26837.3332,4020,3520,20373.3328,2400
3529,2993952,3,2,2,1,1,34,1,1,16,9,1,106519.6,118987.6,7696,39200,2520,3840,560,2232
3531,2994322,3,2,2,1,1,32,1,1,16,9,1,101375.6,112517.6,6586.6668,23121.3332,5804,3744,16640,2488
3532,2872404,1,3,2,1,1,45,2,1,15,9,1,121472.2,143064.2,8925.3332,13432.6668,7198.6668,2472,21157.3328,1364
3533,2811165,1,2,1,1,1,31,1,1,15,9,1,86379.4,96795.4,2940,4684,8337.3332,2680,7626.6672,692
3534,3088263,3,2,2,1,1,33,2,1,15,9,1,101502,118100,4226.6668,9953.3332,1498.6668,1500,7072,1484
3536,3003752,4,2,2,1,1,27,1,1,13,9,1,91945,102000,3466.6668,6177.3332,5356,1396,2368,2864
3537,3074143,3,3,2,1,1,41,1,1,12,9,1,109161.6,125040.6,5520,5220,1532,2120,12133.3328,424
3541,2872344,4,3,2,1,1,46,2,1,16,9,1,113667,130000,7193.3332,22752,5265.3332,1616,1360,4372
3548,2867804,2,9,1,1,4,32,1,5,10,5,1,31924,25920,2773.3332,4080,400,1348,1578.6672,660
3550,2873704,3,3,2,1,1,40,2,1,15,9,1,126074.4,155301.4,4073.3332,6698.6668,2640,2256,5962.6672,1920
3553,3001702,3,3,2,1,1,43,2,1,15,9,1,80952,90000,6066.6668,2006.6668,2392,1400,17333.3328,2940
3555,3007592,2,3,2,1,1,38,2,1,15,9,1,139714,170000,3860,14108,4640,1172,13445.3328,2180
3557,2948533,2,3,2,1,1,43,2,1,14,9,1,143784.4,177059.4,5113.3332,10133.3332,1012,1824,10421.3328,1612
3558,3064211,3,3,1,1,2,36,2,1,13,6,1,37464,31017,4288,3466.6668,3030.6668,1208,17920,1400
3561,3007742,4,3,2,1,1,45,1,1,15,9,1,112594.4,128374.4,4046.6668,13497.3332,644,2064,224,3976
3563,3067094,1,3,2,2,1,39,1,1,15,8,1,58842.2,60769.2,7490.6668,13562.6668,4941.3332,4120,3356.8,1036
3564,3049524,1,3,2,1,1,38,2,1,14,9,1,69519,75200,5373.3332,12552,2380,2840,2101.3328,820
3566,3004772,3,3,2,1,1,44,1,1,15,9,1,137208,168025,4333.3332,19320,2793.3332,448,5120,1376
3570,2924373,2,3,2,1,2,31,1,1,15,9,1,78191,88065,4160,8876,2921.3332,3608,8181.3328,1180
3572,2925823,4,3,2,1,1,33,1,1,12,9,1,78972.8,86821.8,7530.6668,10937.3332,3052,3680,13440,3216
3574,3002682,3,2,1,1,1,35,1,1,16,9,1,118807,138610,3380,9041.3332,2520,1044,2778.6672,3692
3575,3000072,1,3,2,1,2,48,2,1,15,9,1,86886,97000,5277.3332,21663.3332,10448,5656,11733.3328,2116
3577,2844774,3,3,2,1,1,42,2,1,16,9,1,175368,210000,6792,11593.3332,1908,2760,21845.3328,3220
3578,3057032,3,3,2,1,1,56,1,1,15,9,1,100901,113500,8440,23314.6668,6720,5200,41600,1184
3579,2930063,2,3,2,1,1,49,2,1,15,9,1,88431.8,99698.8,3813.3332,12525.3332,2933.3332,4460,4800,800
3581,2996212,3,2,2,1,1,38,1,1,13,9,1,63781.4,70217.4,6240,8564,3444,3120,20960,5800
3584,2926373,4,2,1,1,1,40,1,1,15,8,1,56997,61751,6413.3332,13480,1920,2848,50282.6672,8244
3586,2922763,3,3,2,1,1,37,2,1,13,8,1,52792.8,53954.8,7493.3332,18706.6668,53280,4740,14880,1024
3589,3078701,4,3,2,1,1,38,1,1,13,8,1,60659,65000,950.6668,3986.6668,720,1144,4090.6672,180
3590,3084432,3,9,1,1,2,56,1,3,14,9,1,69287.8,74130.8,3644,2049.3332,1600,1216,3171.7328,400
3593,2922833,3,3,2,1,1,39,2,1,16,9,1,108029,121475,5821.3332,10956,2416,2220,8032,3052
3594,2931763,1,2,2,1,1,45,1,1,13,9,1,133164.8,158766.8,6066.6668,21106.6668,2272,5496,5120,2096
3599,2932953,1,3,2,1,1,53,2,1,16,9,1,96236.4,105916.4,9146.6668,26028,3453.3332,4500,36320,7352
3602,2931943,4,3,2,1,1,45,1,1,13,9,1,90981,98800,4493.3332,35181.3332,1040,3024,9706.6672,2624
3605,2871154,2,3,2,1,1,44,1,1,15,8,1,60318.2,64877.2,3293.3332,5309.3332,606.6668,1360,8149.3328,320
3606,3067141,4,3,2,1,1,52,2,1,15,9,1,179050.4,219917.4,7306.6668,30785.3332,2800,5764,16000,1440
3610,2922473,1,3,2,1,1,38,2,1,13,8,1,57965,62600,3994.6668,42206.6668,8173.3332,6760,20160,1960
3614,3009262,3,3,2,1,4,45,1,1,12,8,1,62175,66000,2080,11320,4300,1660,1600,880
3616,2950553,3,3,2,1,1,31,1,1,15,9,1,86269.6,97169.6,3054.6668,5688,2300,2360,3930.6672,620
3620,2926083,4,3,1,1,4,35,1,1,10,6,1,36649,31423,4880,7840,1280,640,8042.6672,12
3626,2997775,2,3,2,1,1,45,2,1,16,9,1,113245,135100,10666.6668,10161.3332,4300,3500,10986.6672,1464
3627,3052472,4,7,1,1,2,33,2,5,12,2,1,13106.4,9035.4,3466.6668,5813.3332,1604,2720,28604.8,1400
3628,2870394,2,3,1,1,1,53,1,1,16,9,1,125300,150000,6980,12760,816,1828,37984,1428
3629,3056011,2,3,2,1,1,38,2,1,15,9,1,91723,102500,5581.3332,12302.6668,4173.3332,4768,7797.3328,3536
3635,2836764,4,3,2,1,1,49,1,1,13,8,1,57332,61600,8320,11796,1572,3256,20064,1512
3638,3049222,3,3,2,1,1,29,2,1,13,8,1,60736.2,63138.2,3120,9313.3332,4692,3100,9728,1528
3639,2875454,4,3,2,1,2,43,1,1,15,9,1,182733,217600,6066.6668,6116,2132,1588,17440,10249.3332
3644,2799775,4,3,2,1,4,32,2,1,11,8,1,54669,56000,11200,9592,12840,1800,3648,776
3645,2999742,4,2,2,1,1,27,1,1,13,6,1,37463,32000,6101.3332,14556,5052,2680,33008,1796
3647,2875754,4,2,2,1,4,33,2,1,15,9,1,125601,153000,3553.3332,9480,826.6668,700,24864,400
3648,2845674,1,2,2,1,4,36,2,1,15,9,1,89669.2,102289.2,5506.6668,39428,2340,4368,29440,2400
3653,3065011,1,3,2,1,1,40,2,1,15,9,1,88120.6,96345.6,2333.3332,11369.3332,96529.3332,4040,256,4180
3654,2844614,1,3,2,1,1,50,1,1,12,9,1,103016.8,117170.8,2773.3332,20262.6668,4466.6668,4480,19200,600
3656,2945813,2,7,1,1,1,38,2,4,12,8,1,50720.6,52574.6,4506.6668,10294.6668,1500,2088,3744,100
3659,2947993,3,3,2,1,1,32,1,1,16,9,1,80964,90000,3986.6668,4972,5473.3332,1956,560,92
3660,3052133,3,3,2,1,1,42,1,1,12,8,1,55006,61589,9760,15426.6668,3200,3932,19200,2448
3661,2927453,4,2,2,1,1,32,2,1,15,9,1,107817.6,118956.6,7800,20749.3332,10708,3668,3744,3812
3663,3055983,3,3,2,1,1,47,1,1,15,9,1,139314,162001,10640,21349.3332,10205.3332,4824,26304,10256
3666,3078574,3,3,2,1,1,43,1,1,14,9,1,92405.4,99204.4,4214.6668,7633.3332,5580,1680,2560,1412
3675,2997472,3,2,2,1,4,27,1,1,14,8,1,63101,65920,4240,15500,2585.3332,2660,3840,2104
3676,2845734,1,3,2,1,1,52,2,1,15,9,1,125902,145000,12133.3332,13486.6668,8950.6668,5704,13632,7092
3681,2926743,4,2,2,1,1,35,1,1,15,9,1,90066.2,96488.2,5538.6668,9268,3773.3332,2232,14250.6672,1204
3682,2840294,2,3,2,1,1,38,2,1,16,9,1,151964.6,183929.6,6586.6668,20714.6668,4288,4256,16960,680
3686,3083692,3,3,2,1,1,40,2,1,14,9,1,67800,75000,1906.6668,6965.3332,1312,1780,12133.3328,484
3687,3050563,2,3,2,1,1,42,1,1,16,9,1,154411.6,185324.6,5434.6668,29496,1400,2984,22186.6672,2632
3688,3000372,2,3,1,1,1,33,1,1,15,9,1,88498,1.00E+05,3506.6668,6621.3332,2520,1720,3882.6672,2048
3690,2842384,1,3,2,1,4,41,2,1,12,8,1,56371.2,59672.2,3440,15626.6668,4510.6668,976,3356.8,480
3695,2811115,2,3,1,1,4,45,1,1,11,7,1,40645.4,41628.4,2686.6668,3740,3400,688,96,788
3699,2794715,1,2,2,1,1,36,2,1,12,9,1,143866,175000,4266.6668,25043.3332,3000,4768,29648,784
3700,3046665,4,3,2,1,1,41,2,1,15,9,1,125114,150000,5026.6668,33761.3332,5541.3332,3340,3424,1816
3703,3054221,2,3,2,1,1,42,1,1,14,9,1,73758.8,80790.8,8389.3332,10849.3332,2753.3332,1840,26885.3328,3604
3706,2845034,4,2,2,1,1,35,2,1,13,8,1,55010.2,57432.2,3293.3332,14698.6668,1852,3036,9200,2452
3710,3082251,2,2,2,1,1,35,1,1,15,9,1,74946.4,81840.4,2253.3332,9230.6668,1748,1532,22106.6672,1880
3712,2929073,3,3,2,1,2,40,1,1,15,9,1,100033.6,110600.6,13758.6668,28353.3332,7904,7320,33120,9520
3713,2931673,1,3,2,1,1,46,1,1,15,9,1,228339,283650,5546.6668,33592,2164,3276,11200,2656
3714,3071642,3,3,2,1,1,49,2,1,15,9,1,131300,147966,5766.6668,31009.3332,1566.6668,2069.3332,7744,2608
3717,2809385,4,3,2,1,2,36,2,1,15,5,1,30204.2,23084.2,2660,2869.3332,32486.6668,1196,6517.3328,9588
3718,2799865,1,3,2,1,4,46,1,1,12,9,1,79081,86582,8600,14880,2304,4828,18890.6672,1004
3719,3070984,3,3,2,1,1,49,1,1,16,9,1,98213.4,110833.4,3408,7256,652,2224,15200,332
3722,2948483,4,3,2,1,2,39,2,1,14,9,1,70836.4,76470.4,3153.3332,4166.6668,1600,2860,16960,800
3723,3071201,3,2,2,1,1,32,1,1,14,9,1,104557,122385,2080,10124.6668,1128,2024,4160,300
3725,2871094,1,3,2,1,1,33,1,1,16,9,1,112555.6,122148.6,4073.3332,16813.6668,2400,1640,16000,320
3729,2923423,3,2,1,1,4,31,2,1,15,8,1,63557.6,69030.6,3120,10388,1624,1784,1664,584
3730,3051003,3,3,2,1,1,35,2,1,11,8,1,59769,62000,4333.3332,10256,1132,1864,12832,1320
3735,2808235,3,2,2,1,1,33,1,1,13,9,1,115362.4,131707.4,3873.3332,14649.3332,3128,1900,143600,5684
3736,3053323,3,5,2,1,4,35,2,1,13,9,1,79369,84000,5866.6668,18084,4064,6072,9920,1528
3737,2922563,1,3,2,1,1,33,2,1,12,8,1,61034.2,64347.2,5114.6668,9986.6668,3824,1476,64,748
3745,2999072,4,3,2,1,1,44,1,1,14,9,1,139935.4,162974.4,6586.6668,30824,7418.6668,2804,15200,2064
3746,3075741,3,3,2,1,1,44,2,1,13,9,1,99607.2,115856.2,3466.6668,4612,640,1948,3680,460
3750,2873574,2,3,2,1,1,36,1,1,13,9,1,90936.8,101582.8,6200,7097.3332,2520,1608,10416,1732
3755,2945843,4,3,2,1,4,44,2,1,12,9,1,68905,74000,2340,6688,1850.6668,1724,7360,296
3756,2992342,3,3,2,1,4,47,1,1,11,9,1,85016,96000,4106.6668,13700,4050.6668,2640,12565.3328,3780
3758,2933513,4,3,2,1,4,40,2,1,16,9,1,174181,210000,12860,43236,9876,7704,192112,984
3759,2806085,3,3,2,2,1,39,1,1,16,9,1,85556,95300,3120,7222.6668,3644,1784,5664,348
3762,3004652,3,2,2,1,1,34,1,1,15,9,1,72002,80000,3020,7334.6668,800,1160,960,1440
3766,2953963,3,3,2,1,1,34,1,1,15,9,1,165362,203000,5418.6668,15400,5696,2112,8069.3328,2664
3769,2871414,3,3,2,1,1,43,2,1,15,9,1,79083.4,89575.4,3900,3002.6668,796,1020,3840,1456
3776,3010552,2,3,2,1,1,38,2,1,16,9,1,111417,131000,5200,7633.3332,869.3332,1420,25760,240
3777,3085571,3,3,2,1,1,44,1,1,12,9,1,86467.4,92474.4,2946.6668,6153.3332,400,840,5600,320
3778,2930013,3,3,2,1,1,31,1,1,16,9,1,125349,143500,7973.3332,17601.3332,9840,2820,11520,2392
3783,3054713,2,3,2,1,4,34,1,1,12,9,1,94167,106000,4546.6668,17544,1092,6464,26688,1752
3787,2876484,1,3,2,1,4,39,1,1,10,7,1,42977.6,40962.6,3206.6668,6513.3332,980,1541.3332,7278.4,320
3788,3003903,4,3,2,1,4,48,1,1,13,9,1,87623,98000,2669.3332,2760,2826.6668,640,8896,2080
3791,2949413,4,3,2,1,1,36,2,1,12,9,1,68789.8,70759.8,3466.6668,6041.3332,300,2100,160,536
3792,3010922,4,3,2,1,4,44,2,1,13,9,1,88160.4,96540.4,5113.3332,8084,2680,2176,12240,1496
3798,3058134,3,3,2,1,1,43,2,1,12,7,1,45025,46000,4146.6668,11070.6668,1600,4160,8672,1204
3799,3066044,3,3,2,1,1,38,1,1,16,9,1,78810,86800,12106.6668,8598.6668,5130.6668,2656,11200,1600
3801,2807965,1,2,2,1,1,33,2,1,14,9,1,122956,146900,4460,12318.6668,1028,3040,14074.6672,3012
3803,2950693,4,3,1,1,1,33,1,1,16,9,1,117665,127400,5200,16718.6668,816,1492,960,2008
3804,2926073,2,2,2,1,1,36,2,1,16,9,1,116485,136273,3813.3332,28660,1776,3168,18400,916
3825,2949223,4,5,2,1,1,47,1,1,15,9,1,194655.2,247414.2,11429.3332,14081.3332,21680,1756,16844.8,7620
3826,2797655,3,5,2,1,1,35,1,1,11,9,1,82275.8,84911.8,9133.3332,15484,3040,3824,3356.8,1064
3831,2811815,1,7,1,1,4,38,2,5,12,8,1,59082,62000,866.6668,6560,380,1120,3680,280
3834,2868714,2,6,1,1,1,35,1,3,15,9,1,71171.6,80935.6,4593.3332,7550.6668,696,620,1632,1712
3837,3065701,3,7,1,1,1,42,2,3,12,9,1,80466,96421,5760,5746.6668,4212,3272,12464,3244
3839,3000982,2,7,1,1,1,32,2,4,16,6,1,40687,37500,2773.3332,10824,3012,1752,4890.6672,1340
3850,2847284,3,7,1,1,1,33,2,4,13,4,1,22903,15600,2600,8373.3332,2216,1896,6592,816
3853,3088671,3,9,1,1,4,52,2,3,16,8,1,55849.2,58947.2,3120,4000,956,1400,11200,400
3854,3088244,4,7,1,2,1,27,2,3,14,6,1,38338,36300,1941.3332,4948,980,920,10826.6672,1336
3862,2932663,2,9,1,1,1,44,1,5,13,9,1,73442,84000,7973.3332,11456,2960,3324,8672,5236
3863,2928913,2,7,1,1,1,41,2,3,14,8,1,49513,51862,6477.3332,13330.6668,4008,2464,13952,3936
3866,3072282,1,7,1,1,1,35,2,3,13,8,1,47023,50000,2486.6668,4257.3332,5008,1460,4800,512
3867,2870074,2,6,1,1,4,30,1,5,12,6,1,33158,30000,2340,8632,353.3332,1120,160,4000
3869,3073401,2,7,1,1,1,42,2,3,15,9,1,78884,91000,3120,8186.6668,526.6668,1536,2538.6672,2680
3870,2873794,4,7,1,1,4,54,2,3,12,6,1,32373,31448,3033.3332,6296,360,1260,2149.3328,2204
3871,2930283,4,9,1,1,4,59,2,4,13,8,1,52547,55000,3466.6668,12000,640,1428,1760,3144
3873,2989182,3,7,1,1,4,27,2,4,13,4,1,16244,16170,6533.3332,8266.6668,1969.3332,1280,896,1048
3874,3086292,1,7,1,1,4,35,2,3,12,4,1,27535,19900,1820,3024,866.6668,156,16,1240
3878,2844134,1,7,1,1,1,43,2,3,16,8,1,67213,69000,10546.6668,26918,2800,4040,23280,744
3882,3072714,2,7,1,1,1,41,2,3,13,3,1,16679,11320,520,3282.6668,504,1836,912,1224
3883,3045574,4,7,1,1,4,28,2,5,13,6,1,34874,32300,3466.6668,12688,2984,1520,277.3328,64
3886,2793345,2,7,1,1,4,31,2,1,13,4,1,25384.8,16950.8,5408,10724,640,2408,2304,2624
3887,2842924,1,7,1,1,1,44,2,3,14,7,1,39676.8,40955.8,6373.3332,9725.3332,2160,3608,2837.3328,596
3889,2925493,4,7,1,1,4,33,2,5,16,8,1,52536,55400,7973.3332,13952,4520,2680,4640,5340
3892,3070383,1,7,1,2,4,32,2,5,12,5,1,28326,22000,1412,2896,1406.6668,640,2256,352
3893,3048041,3,6,1,1,1,44,1,3,12,8,1,58360,65000,5880,11880,3040,1872,67200,5332
3894,2805305,4,6,1,1,1,47,1,4,16,9,1,167945,200400,5113.3332,8178.6668,1829.3332,1012,1216,3684
3900,3050481,4,3,2,1,1,35,1,1,13,9,1,66250.6,70122.6,4680,11600,3124,2680,13120,200
3905,2932413,3,3,2,1,1,45,1,1,16,9,1,176028,210100,9133.3332,36470.6668,4514.6668,3524,21920,10668
3907,3058354,3,3,2,1,1,46,1,1,13,9,1,87922,97000,4853.3332,9773.3332,1600,3080,12480,1080
3910,2928553,2,3,2,1,1,44,1,1,14,9,1,75291.4,81918.4,8890.6668,12105.3332,8116,3384,12928,5844
3911,3084484,3,3,2,1,1,43,2,1,13,9,1,86177,94923,3093.3332,5060,6444,1416,16496,1576
3915,3007312,2,3,2,1,1,51,1,1,15,9,1,144447.2,176767.2,4092,13504,5042.6668,2936,8928,3368
3918,3072201,3,2,1,1,1,40,1,1,15,9,1,102475,111569,3553.3332,5402.6668,1160,2660,8400,308
3932,3057672,1,3,2,1,1,37,1,1,13,9,1,68049,72010,10280,13714.6668,2864,6060,25653.3328,3272
3934,3053304,1,3,2,1,4,39,2,1,16,9,1,94908,106300,8160,11224,9674.6668,1192,21120,1072
3935,2928363,4,3,2,1,1,38,2,1,14,8,1,55035.4,55690.4,1818.6668,11952,4364,3624,12800,5952
3938,2844734,4,3,2,1,1,46,1,1,15,9,1,132042,155000,5546.6668,37725.3332,3032,4904,79333.3328,1332
3943,3078674,3,3,2,1,1,34,1,1,13,9,1,68827,70560,1785.3332,6014.6668,928,2320,11680,2508
3944,2876194,4,3,2,1,1,38,2,1,14,9,1,138020.4,167696.4,2573.3332,7706.6668,885.3332,1540,11520,1248
3950,2992092,3,3,2,1,2,44,2,1,11,8,1,63904,65000,6760,4393.3332,2420,3400,5440,960
3951,2992932,4,3,1,1,1,34,1,1,15,6,1,41417,34889,4506.6668,15277.3332,8600,4160,12138.6672,720
3957,2945243,2,3,2,1,1,36,1,1,15,9,1,85905,90000,2773.3332,9276,912,1324,11600,160
3958,3047502,3,3,1,1,1,45,1,1,13,9,1,50887,90430,8397.3332,12222.6668,4920,5000,3488,6100
3960,2844454,1,3,2,1,1,37,1,1,13,9,1,170201,223000,11360,21478.6668,10662.6668,6336,9706.6672,1944
3961,2952773,1,3,2,1,1,31,2,1,13,9,1,113084,132000,4840,8397.3332,2140,1440,720,1140
3962,2805325,2,2,2,2,2,43,1,1,14,9,1,71481.6,72494.6,4730.6668,8520,1256,1424,5120,2960
3963,2801955,4,3,2,1,2,49,1,1,15,9,1,156493.4,201278.4,6240,27115.3332,3264,4960,22400,5400
3964,3073623,3,7,1,1,2,42,2,5,12,5,1,33362.2,26492.2,2080,2086.6668,708,1680,896,260
3968,3066121,2,2,1,1,1,36,1,1,16,9,1,115776,133000,8146.6668,16664,2692,4032,9536,1148
3970,2794445,3,3,2,1,1,37,2,1,16,9,1,182861.8,220819.8,6893.3332,32572,3168,4856,608,5828
3975,2931343,1,3,1,1,1,46,1,1,16,9,1,95664.6,102711.6,5026.6668,14903.3332,2133.3332,2016,14400,340
3977,3068513,3,3,2,2,1,38,1,1,15,9,1,74982,78000,3294.6668,6683.3332,2240,2580,3269.3328,2096
3984,3003732,1,3,2,1,1,42,2,1,15,9,1,108804,122109,4004,7802.6668,528,2776,11130.6672,2316
3993,3001362,3,3,1,1,2,37,1,1,11,7,1,47914,44743,5240,3893.3332,4164,2280,11200,308
3997,2797475,2,3,2,1,1,34,1,1,16,8,1,53176,50500,5442.6668,9912,4672,1940,14400,1652
4002,2837424,4,2,2,1,4,29,2,1,15,9,1,86220,91000,4861.3332,23572,5833.3332,1920,19360,2500
4004,2811145,4,3,2,1,1,40,2,1,15,8,1,64740.2,66331.2,3406.6668,9800,1796,1624,13760,344
4008,2801575,1,3,2,1,1,44,2,1,12,8,1,61904,62900,9013.3332,21318.6668,1770.6668,7464,37525.3328,1920
4011,2812245,3,3,2,1,1,43,2,1,12,9,1,73150,77800,4420,5188,494.6668,1780,13648,1249.3332
4012,2802175,3,3,2,1,1,43,1,1,12,9,1,106903,113808,8416,17009.3332,4226.6668,4224,46048,4628
4015,2922633,1,3,2,1,1,47,2,1,12,9,1,101092,109800,5546.6668,22842.6668,56344,5672,40613.3328,5664
4022,2947303,2,3,2,1,1,40,2,1,15,9,1,129201.4,151293.4,5026.6668,12384,1400,1668,7936,1360
4023,2871074,2,3,2,1,1,36,2,1,16,9,1,133453.2,153527.2,7853.3332,14264,1762.6668,2084,16320,740
4025,3005562,3,3,1,1,2,28,1,1,11,5,1,30911,22000,2513.3332,2474.6668,800,1276,1733.3328,400
4034,3002452,4,2,2,1,1,41,1,1,12,9,1,92249,99000,3380,6205.3332,1368,2184,23056,216
4035,2797195,2,3,2,1,1,41,1,1,13,8,1,62841,65000,5642.6668,14308,4584,4192,53333.3328,668
4037,3057294,2,3,2,1,1,47,1,1,15,9,1,111802,128100,13493.3332,19029.3332,2980,3184,14096,4400
4040,3087644,3,3,2,1,1,37,1,1,12,8,1,61616.8,65542.8,3900,3476,2640,1480,1248,1792
4041,2996932,3,3,2,1,4,38,2,1,15,9,1,105089,115000,15689.3332,18200,6056,3448,28480,1872
4048,3067512,3,7,1,1,4,28,2,5,11,3,1,17754,14028,2773.3332,2720,3026.6668,1896,4320,3328
4050,3060052,3,7,1,1,4,47,2,3,14,7,1,44935,46300,16466.6668,23892,1760,3012,12064,1360
4051,2998322,3,7,1,1,4,29,2,3,13,5,1,26926.4,20260.4,5866.6668,15624,1200,2576,8800,3000
4052,3002652,4,7,1,1,4,42,2,4,12,6,1,39257.8,34862.8,5346.6668,2200,800,800,8000,9280
4061,3051823,1,7,1,1,1,29,2,5,13,5,1,31200,20000,13178.6668,26217.3332,23600,3468,2773.3328,9908
4062,3087984,2,6,1,1,1,34,1,3,14,6,1,37293.8,34427.8,1993.3332,3309.3332,1116,1120,2160,760
4066,2874664,3,7,1,1,4,35,2,5,11,5,1,29980,22000,3120,7340,1204,2100,2880,800
4075,2997452,3,4,1,1,1,51,1,1,15,9,1,134903,140000,14282.6668,37276,2020,4560,16800,1512
4080,2875324,4,9,1,1,1,55,1,3,12,9,1,74139,71139,5720,8456,1280,2600,4718.4,2272
4083,2990454,3,9,1,1,4,46,1,5,13,6,1,41105,37000,5893.3332,14593.3332,3788,4920,10070.4,3220
4093,3009892,3,4,2,1,1,40,2,1,11,5,1,35650.8,27934.8,2537.3332,6458.6668,2944,2280,2880,520
4107,3052803,2,7,1,1,4,48,2,3,16,8,1,63434,65504,6346.6668,11810.6668,7977.3332,3280,6208,4552
4111,2930393,3,7,1,1,1,38,2,5,14,5,1,31528.8,24353.8,5720,13785.3332,2672,3800,3466.6672,512
4114,2927193,2,7,1,1,4,33,2,5,13,8,1,53047.2,53277.2,6509.3332,6980,1893.3332,1320,3356.8,2036
4116,2799385,3,7,1,1,4,30,2,5,13,1,1,4503,3828,6933.3332,11932,640,3132,2688,144
4120,3001692,3,9,1,1,1,55,2,3,12,3,1,18857,14831,866.6668,3702.6668,280,1080,3913.0672,1260
4124,2950533,4,5,2,1,1,63,2,1,15,9,1,82650.6,82008.6,1648,6876,3980,2008,8133.3328,428
4130,3086923,2,3,1,1,4,31,1,1,10,8,1,65470,68566,1126.6668,5160,1320,560,1280,44
4131,3076384,1,3,2,1,1,31,1,1,15,9,1,104010,113500,3640,11940,2126.6668,2720,2560,3348
4133,2873274,3,3,2,1,1,43,1,1,15,9,1,147135,175000,4853.3332,10157.3332,676,1436,5888,2856
4134,2924573,4,3,2,1,4,31,2,1,13,6,1,42377.8,34839.8,5200,12620,5300,2628,30134.4,1160
4135,2949763,3,3,1,1,1,38,1,1,15,8,1,63959,65000,4870.6668,3344,260,1496,3674.6672,36
4137,2955933,4,3,2,1,4,42,2,1,12,7,1,50172.8,47607.8,1854.6668,4280,2946.6668,1032,560,1068
