id,price,bedrooms,bathrooms,sqft_living,sqft_lot,floors,waterfront,view,condition,grade,sqft_above,sqft_basement,yr_built,yr_renovated,zipcode,lat,long,sqft_living15,sqft_lot15
2591820310,365000,4,2.25,2070,8893,2,0,0,4,8,2070,0,1986,0,98058,47.4388,-122.162,2390,7700
7974200820,865000,5,3,2900,6730,1,0,0,5,8,1830,1070,1977,0,98115,47.6784,-122.285,2370,6283
7701450110,1038000,4,2.5,3770,10893,2,0,2,3,11,3770,0,1997,0,98006,47.5646,-122.129,3710,9685
9522300010,1490000,3,3.5,4560,14608,2,0,2,3,12,4560,0,1990,0,98034,47.6995,-122.228,4050,14226
9510861140,711000,3,2.5,2550,5376,2,0,0,3,9,2550,0,2004,0,98052,47.6647,-122.083,2250,4050
1761300310,211000,4,2,1710,8288,1.5,0,0,3,7,1710,0,1970,0,98031,47.3947,-122.174,1710,7200
7732410120,790000,4,2.5,2690,8036,2,0,0,4,9,2690,0,1987,0,98007,47.6596,-122.144,2420,8087
7010701383,680000,3,2.5,1800,4400,1,0,0,5,7,1350,450,1970,0,98199,47.6599,-122.396,1920,4400
291310170,384500,3,2.5,1600,2610,2,0,0,3,8,1600,0,2005,0,98027,47.5344,-122.068,1445,1288
4232901990,605000,2,1,910,3600,1,0,0,4,7,910,0,1909,0,98119,47.6341,-122.361,1720,3600
6840701125,638000,3,1,1830,4400,1.5,0,0,4,8,1720,110,1930,0,98122,47.6052,-122.3,1650,4400
3971700580,385000,3,1.75,1930,14389,1,0,0,3,7,1130,800,1963,1998,98155,47.7733,-122.317,1730,14378
4202400078,175000,2,1,1410,7000,1,0,0,3,7,1410,0,1968,0,98055,47.4908,-122.223,1540,6000
6064800090,365000,3,2.25,1960,1985,2,0,0,3,7,1750,210,2003,0,98118,47.5419,-122.289,1760,1985
2626119028,160000,3,1,1140,3240,1.5,0,0,4,6,1140,0,1910,0,98014,47.7093,-121.364,1140,4700
3303980660,1070000,4,3.75,4130,12320,2,0,0,3,11,4130,0,2001,0,98059,47.5194,-122.151,3690,11227
862000020,800000,6,1,1430,20620,2,0,0,3,7,1430,0,1954,0,98004,47.6255,-122.209,2450,10080
2386000070,795127,4,3.25,4360,91158,1,0,0,3,10,3360,1000,1993,0,98053,47.6398,-121.985,3540,90940
1138000450,355000,4,1,1440,7215,1.5,0,0,3,7,1440,0,1969,0,98034,47.7133,-122.212,1150,7215
1775800420,474000,4,2.25,1960,14834,1,0,0,4,8,1330,630,1976,0,98072,47.7434,-122.095,1540,15000
2291401425,485000,5,2,1910,5508,1,0,0,3,7,1020,890,1968,0,98133,47.7074,-122.349,1030,7440
2025770560,930000,4,4.25,5710,24663,2,0,0,3,11,5710,0,2007,0,98092,47.3065,-122.158,4060,23847
3525069037,920000,3,2.75,2590,223027,2,0,0,3,9,2590,0,1983,0,98074,47.6145,-122.001,3410,212137
9324800450,560000,3,1.5,2790,6900,1,0,2,3,8,1700,1090,1955,0,98125,47.7328,-122.288,2410,8100
8080400136,654000,3,3.25,1530,1565,2,0,0,3,8,1280,250,2005,0,98122,47.6179,-122.312,1530,1381
8651540040,549000,3,2.25,1920,10961,2,0,0,3,8,1920,0,1981,0,98074,47.6432,-122.057,2000,10706
9407001790,290000,3,1,1010,10800,1,0,0,4,7,1010,0,1972,0,98045,47.4483,-121.773,1370,9500
1773101530,275000,1,1,520,4800,1,0,0,3,5,520,0,1930,0,98106,47.5533,-122.363,800,4960
9432900250,329990,4,2.75,2420,8438,2,0,0,3,8,2420,0,1997,0,98022,47.2089,-122.011,2270,8770
1794500695,750000,2,1.5,1110,3600,1,0,0,5,7,1110,0,1904,0,98119,47.6382,-122.359,1670,5400
2220069003,425000,3,2.75,1360,542322,1,0,2,4,7,1140,220,1955,0,98022,47.2069,-122.024,1700,60548
923000120,515000,3,1.5,2200,7620,1,0,0,4,7,1130,1070,1942,0,98177,47.7263,-122.363,2170,7672
5728000060,605000,3,1.75,1850,8823,1,0,0,4,8,1370,480,1973,0,98008,47.6379,-122.112,1880,7580
16000200,250000,3,2.25,1640,4420,2,0,0,4,7,1640,0,1918,1983,98002,47.311,-122.21,1230,6632
1926059094,330000,3,1.75,1340,10276,1,0,0,4,7,1340,0,1961,0,98034,47.7207,-122.222,2950,7987
6672900220,984000,4,2.25,2390,12292,1,0,0,5,9,2390,0,1962,0,98040,47.5528,-122.221,2870,12337
3629860060,827500,5,4.25,3920,5823,2,0,0,3,9,3000,920,2000,0,98029,47.5492,-122.008,3000,5297
1822069109,485000,3,2.5,2540,51836,1,0,0,4,8,1820,720,1976,0,98042,47.389,-122.088,1650,51836
6675500105,306000,3,2,1160,7217,1,0,0,3,7,1160,0,1969,0,98034,47.7279,-122.227,1870,9104
249000180,1890000,4,4.25,4285,9345,2,0,0,3,10,4285,0,2013,0,98004,47.6332,-122.199,1570,8994
226059065,514000,3,2.25,2260,54014,1,0,0,3,7,1450,810,1962,0,98072,47.7657,-122.131,2140,44431
396100110,282613,2,1,830,6017,1,0,0,4,6,830,0,1954,0,98133,47.7466,-122.334,1340,6040
9264450460,309000,5,2.75,2481,4045,2,0,0,3,8,2481,0,2014,0,98001,47.2602,-122.284,2363,4175
7853361210,400000,3,2,1650,5027,1.5,0,0,3,7,1650,0,2009,0,98065,47.515,-121.874,2430,6000
9474700020,310000,3,1,1010,9945,1,0,0,4,6,1010,0,1973,0,98065,47.5324,-121.763,1390,12710
421000455,253200,3,1,1360,5840,1,0,0,4,5,1360,0,1953,0,98056,47.4945,-122.166,1250,6708
3755200220,334009,4,2,1650,9305,1,0,0,4,6,1650,0,1960,0,98034,47.7183,-122.213,1860,7486
7960100075,500000,3,2,1540,3600,1,0,0,3,7,890,650,1994,0,98122,47.6103,-122.296,1540,3600
9477100490,441500,3,1.75,1510,7700,1,0,0,3,7,1510,0,1968,0,98034,47.7283,-122.194,1440,7416
9138100350,685000,4,2,2290,6000,1.5,0,3,5,7,2290,0,1900,0,98115,47.6807,-122.318,2000,3150
1624049275,327000,4,2.5,1630,5361,2,0,0,3,7,1630,0,1999,0,98144,47.5704,-122.294,1920,5046
2770606890,450000,4,1.75,1520,5250,1,0,0,3,6,1520,0,1949,0,98199,47.6581,-122.39,1530,5250
1157200189,356000,3,3.5,2100,12384,2,0,0,3,9,2100,0,1980,0,98188,47.4687,-122.263,2400,7776
2770601800,525000,3,1.75,1560,6000,1,0,0,3,6,780,780,1944,0,98199,47.6501,-122.384,1560,1734
9301300805,675000,3,2.5,1300,1590,2,0,0,3,8,1100,200,2014,0,98109,47.6384,-122.343,1070,1223
2325069032,875000,5,4.25,4720,18741,2,0,0,3,11,3210,1510,2005,0,98053,47.6347,-122.013,3880,37328
1021079099,345000,3,2.5,1990,20466,1.5,0,0,4,8,1410,580,1987,0,98010,47.3259,-121.896,1660,93393
7215730040,695000,4,3,3150,9130,2,0,0,3,9,3150,0,2001,0,98075,47.5974,-122.017,2970,6228
1853200080,350000,2,1,1620,9205,1,0,0,5,6,850,770,1921,0,98034,47.7119,-122.23,2460,5469
3224600340,695000,4,2.5,2790,6540,2,0,0,3,9,2790,0,1999,0,98074,47.6087,-122.016,2790,6270
3222049120,400000,4,3,2320,13068,2,0,2,3,8,2320,0,1998,0,98198,47.3497,-122.317,2220,25265
2113700025,330000,2,1,1129,3840,1,0,0,3,7,1129,0,1953,0,98106,47.5313,-122.351,1300,3880
7893207925,265000,3,1.5,1290,7100,1,0,0,3,6,1290,0,1954,0,98198,47.4227,-122.332,1300,7183
3586501085,630000,4,2.5,2290,26720,2,0,0,3,8,2290,0,1977,0,98177,47.7502,-122.374,2290,26720
8024200010,312000,2,1,1460,6000,1,0,0,2,7,1260,200,1925,0,98115,47.7009,-122.317,1580,6380
7116500705,156000,2,1,920,5889,1,0,0,4,6,920,0,1950,0,98002,47.3012,-122.218,1210,6180
1598600209,300000,6,2.5,3080,8163,1,0,0,3,7,1580,1500,1985,0,98030,47.3859,-122.221,1850,8658
7204200025,1225000,4,2.5,3120,49456,2,1,4,4,9,2590,530,1974,1989,98198,47.3535,-122.323,2030,32181
4206901505,465000,2,1,1120,4000,1,0,0,3,7,1120,0,1926,0,98105,47.6567,-122.327,1620,4000
2937300440,923990,4,2.5,3600,6055,2,0,0,3,9,3600,0,2014,0,98052,47.7053,-122.126,3590,6050
7205000180,320000,4,2.25,2000,10374,2,0,1,4,7,2000,0,1967,0,98023,47.3342,-122.34,2170,10374
8718500665,375000,3,1,1610,11250,1,0,0,3,7,1090,520,1975,0,98028,47.7391,-122.256,2040,10692
5318101765,985000,3,1.75,1670,5400,2,0,0,5,8,1670,0,1912,0,98112,47.635,-122.284,2100,5400
4122700020,850000,5,2,2310,13430,1.5,0,0,4,8,2310,0,1966,0,98004,47.6395,-122.203,2810,13906
8078700020,474900,3,2.25,1800,43647,1,0,0,4,8,1800,0,1976,0,98072,47.7757,-122.132,2480,25608
3303980680,997000,4,3.5,3430,13609,2,0,0,3,11,3430,0,2001,0,98059,47.5196,-122.151,3880,11614
8924100372,1302000,4,3.5,3590,5334,2,0,2,3,9,3140,450,2006,0,98115,47.6763,-122.267,2100,6250
2781270210,209900,2,2,1180,3003,2,0,0,3,6,1180,0,2005,0,98038,47.3491,-122.02,1310,3003
519000043,602000,3,2.5,1640,3804,2,0,0,3,8,1640,0,1998,0,98122,47.6103,-122.3,1440,3230
3225069301,1228000,4,2.5,5730,44947,2,0,4,3,11,4280,1450,1991,0,98074,47.6052,-122.064,3310,17628
151000075,856000,3,2.5,2160,3920,2,0,0,3,9,2160,0,2014,0,98116,47.5762,-122.415,1500,4920
2297400020,392000,3,2.25,1790,7125,1,0,0,3,7,1220,570,1974,0,98034,47.7184,-122.226,2040,7950
6617500085,500000,4,2.5,2900,5760,1,0,0,4,8,1660,1240,1959,0,98118,47.55,-122.272,2250,6098
104510180,230000,3,2.25,1500,7210,1,0,0,3,7,1150,350,1984,0,98023,47.3124,-122.352,1500,7210
3528900060,1145000,3,2.5,2490,4000,2,0,0,5,8,1670,820,1918,0,98109,47.6403,-122.35,2310,4000
3345100286,560000,4,2.5,3270,24750,1,0,0,4,8,1690,1580,1979,0,98056,47.5221,-122.178,1520,13480
1226039130,355000,3,2.25,1980,7200,1,0,0,3,8,1300,680,1964,0,98177,47.7625,-122.36,1820,8250
8712100720,785000,3,2,2090,5015,1.5,0,0,5,7,2090,0,1920,0,98112,47.6378,-122.301,1930,4250
3037200010,447500,2,2.25,1180,2090,2,0,0,3,7,1180,0,2004,0,98122,47.6032,-122.31,1550,2812
3626039268,540000,1,1,1140,6700,1.5,0,0,3,7,1140,0,1920,0,98103,47.6958,-122.357,1350,6700
104510230,252000,3,2,1540,7210,2,0,0,4,7,1540,0,1984,0,98023,47.3128,-122.351,1500,7210
5112800060,455000,4,1.75,2050,94525,1,0,0,4,7,1250,800,1959,0,98058,47.4492,-122.084,2270,47480
6072400280,619850,4,2.5,2270,9247,1,0,0,5,8,1500,770,1972,0,98006,47.5602,-122.176,2270,9163
5317100570,1250000,3,2.5,2070,4944,2,0,0,3,9,2070,0,1930,0,98112,47.6256,-122.284,3300,6179
9528102993,495000,3,1.5,1580,1228,3,0,0,3,8,1580,0,2014,0,98115,47.6765,-122.32,1580,3605
2919201095,540000,3,1,1270,3840,1.5,0,0,3,7,1270,0,1926,0,98103,47.6896,-122.357,1270,4175
6181400920,286651,3,2.5,1830,4997,2,0,0,3,7,1830,0,2004,0,98001,47.3035,-122.283,2488,4998
185000161,261000,3,1,1780,7800,1,0,0,3,7,1060,720,1957,0,98178,47.4932,-122.263,1450,7800
8691400010,830000,4,3.25,3330,7809,2,0,0,3,9,3330,0,2004,0,98075,47.5977,-121.976,3100,6465
3345700165,450000,3,2.25,2530,27227,2,0,0,3,8,2530,0,1987,0,98056,47.527,-122.193,2160,30192
6151800486,260000,2,1,1270,19602,1,0,0,3,6,1270,0,1977,0,98010,47.3375,-122.048,1270,17699
4340000080,1450000,4,3.5,2820,7809,2,0,0,3,10,2820,0,1995,0,98004,47.622,-122.195,2630,7904
4136960010,480000,5,3.5,3480,12821,2,0,2,3,10,2890,590,2004,0,98092,47.2641,-122.215,3400,9870
3634100030,270000,4,2,1830,5220,1.5,0,0,3,7,1830,0,1951,0,98118,47.5331,-122.278,1760,5757
1624059224,1160000,4,3.5,4680,9700,2,0,0,3,10,3360,1320,2005,0,98006,47.5703,-122.165,2800,12343
2788400090,250000,3,1,1700,7700,1,0,0,3,7,1120,580,1960,0,98168,47.5114,-122.318,1700,8800
9828200762,650000,2,1,1050,2542,1,0,0,3,7,880,170,1904,0,98122,47.6172,-122.298,1620,1809
7524400250,589950,3,2,2080,12094,2,0,0,4,8,2080,0,1982,0,98052,47.7035,-122.164,2230,12204
3528000290,743700,4,2.5,2610,33206,2,0,0,3,10,2610,0,1988,0,98053,47.6662,-122.057,2870,28295
5700003630,1925000,5,4.25,4830,8050,2.5,0,2,4,11,3710,1120,1914,0,98144,47.5789,-122.286,4470,9194
2720069019,316000,3,1.75,1120,98445,1.5,0,2,4,7,1120,0,1917,0,98022,47.1853,-122.017,1620,34200
7227501170,235867,4,2,1330,5926,1,0,0,4,5,1330,0,1942,0,98056,47.496,-122.19,1150,5485
2397101270,716000,3,2,1420,3600,1.5,0,0,4,7,1420,0,1904,0,98119,47.6367,-122.364,1250,3600
6792100090,683000,4,2.5,2620,10489,2,0,0,3,9,2620,0,1990,0,98052,47.6732,-122.143,2430,7701
2770602265,345000,3,2,1430,4200,1,0,0,4,7,830,600,1908,0,98199,47.6462,-122.384,1540,5000
3971700937,270000,3,1.75,1260,7500,1,0,0,3,6,840,420,1947,0,98155,47.772,-122.323,1340,7500
422049203,239000,3,1.5,1330,6540,1,0,0,3,7,900,430,1971,0,98188,47.4239,-122.292,1400,11500
3076500830,385195,1,1,710,6000,1.5,0,0,3,6,710,0,2015,0,98144,47.5756,-122.316,1440,4800
1423400260,273000,3,1.75,2050,9045,2,0,0,4,6,2050,0,1959,0,98058,47.4572,-122.18,1200,9045
9161100795,476900,3,1,1240,5758,1.5,0,0,4,6,960,280,1910,0,98116,47.5675,-122.396,1460,5750
3126049052,551000,4,1.75,2040,6348,1,0,0,3,7,1020,1020,1962,0,98103,47.6964,-122.336,1770,5047
5100401468,448000,2,1,1110,5413,1,0,0,3,6,890,220,1937,0,98115,47.6925,-122.32,1300,5413
514500235,411100,3,1.5,1040,10323,1,0,0,4,7,1040,0,1958,0,98005,47.5882,-122.155,1580,7200
1423200170,223000,2,1,910,9869,1,0,0,3,6,910,0,1957,0,98058,47.4572,-122.184,1480,9750
1402100070,335500,5,3,2240,19090,1,0,0,4,8,1700,540,1968,0,98058,47.4416,-122.149,2280,20000
624110020,730000,3,3,3460,13129,2,0,0,3,9,2560,900,1988,0,98077,47.7315,-122.058,3460,12568
2407000145,197200,3,1,1140,8775,1,0,0,3,6,990,150,1942,0,98146,47.4824,-122.336,1300,8775
1890000225,725000,6,1.75,2380,4080,2,0,0,3,8,2380,0,1917,0,98105,47.6629,-122.325,2030,4080
1320069271,342500,3,2,2080,11375,1,0,0,3,8,2080,0,2002,0,98022,47.214,-121.993,1080,12899
5490700085,340000,5,2,1750,8220,1,0,0,3,7,1750,0,1956,0,98155,47.7694,-122.321,1210,6760
263000155,418000,3,2,1410,6030,1.5,0,0,4,7,1410,0,1930,0,98103,47.6994,-122.347,1410,6300
3726800201,410000,3,1.75,2160,4000,1,0,0,3,7,1080,1080,1953,0,98144,47.5721,-122.309,1260,3200
5153200358,240000,5,1.75,2460,16000,1,0,0,3,7,1230,1230,1957,0,98023,47.3305,-122.351,1990,16000
2725079018,800000,4,3.25,3540,159430,2,0,0,3,9,3540,0,2007,0,98014,47.6285,-121.899,1940,392040
7165700200,275000,3,3,1390,1080,2,0,0,3,7,1140,250,2006,0,98118,47.5323,-122.281,1450,1081
9429000170,617950,4,2.5,2410,7950,2,0,0,3,8,2410,0,1997,0,98034,47.7185,-122.226,1920,7713
8718500075,396000,3,1.5,1300,8280,1,0,0,5,7,1300,0,1956,0,98028,47.7403,-122.256,1570,8692
1760650950,309000,3,2.5,1950,3825,2,0,0,3,7,1950,0,2013,0,98042,47.3588,-122.082,1950,3825
1068000559,1275000,4,1.75,3720,8448,1,0,3,4,9,1960,1760,1947,0,98199,47.6425,-122.406,2540,7064
4113800500,572500,3,2.5,2490,7589,2,0,0,3,9,2490,0,1991,0,98056,47.5355,-122.179,2500,10386
4077800507,518500,4,3,2120,5520,1.5,0,0,3,8,1420,700,1985,0,98125,47.7085,-122.286,2020,8700
2725069150,710000,3,2.5,2830,9680,2,0,0,3,10,2830,0,1991,0,98074,47.6249,-122.024,2970,8691
4008400035,600000,5,3.25,4410,58157,2,0,0,4,9,2330,2080,2001,0,98058,47.4395,-122.111,2460,42565
7016310270,467000,4,2.5,2220,7210,1,0,0,3,7,1270,950,1973,0,98011,47.7428,-122.183,2220,7313
1432701230,309000,3,1,1280,9656,1,0,0,4,6,920,360,1959,0,98058,47.4485,-122.175,1340,8808
3278606050,362500,3,3.5,1710,2212,2,0,0,3,7,1400,310,2013,0,98126,47.5459,-122.368,1580,2212
2473350710,390000,4,1.75,2330,8364,1,0,0,4,8,2330,0,1968,0,98058,47.4568,-122.146,2180,9630
2185000685,208417,2,1,840,4200,1,0,0,3,5,840,0,1938,0,98108,47.5292,-122.316,830,5000
7792000025,340000,3,1,3180,27586,1,0,0,3,8,1400,1780,1969,0,98022,47.1986,-121.967,2180,27586
6868200029,467500,3,1.75,2260,8512,1,0,0,3,7,1130,1130,1948,0,98125,47.7129,-122.304,2240,8040
624069003,829000,4,2.75,2970,59677,1,0,2,4,8,1610,1360,1973,0,98075,47.5953,-122.08,2930,42489
7431500280,959750,4,3,3060,50002,1,0,2,4,8,2460,600,1957,0,98008,47.6205,-122.096,2740,16181
3296000040,542000,3,2.5,1990,15985,1,0,0,3,8,1540,450,1964,0,98007,47.6205,-122.141,2470,10125
1118001215,2250000,3,2.5,3420,8700,1,0,0,3,9,2890,530,1951,0,98112,47.6352,-122.29,3370,8700
6453900040,575000,5,2.5,2990,7500,1,0,2,3,9,1800,1190,1972,0,98177,47.7707,-122.369,2800,9860
333100209,690000,3,1.75,2330,16300,2,0,0,3,9,2330,0,1964,0,98034,47.7037,-122.24,2330,16300
34001765,699950,3,3.25,2230,5460,1,0,1,4,8,1430,800,1977,0,98136,47.53,-122.388,2070,5600
8946700100,408500,4,2.5,2720,7043,2,0,0,3,9,2720,0,2003,0,98092,47.3315,-122.169,2640,6958
5561401210,595000,4,3,3680,35736,1.5,0,0,4,8,2320,1360,1970,0,98027,47.4703,-122.015,3210,39512
6671900095,313000,3,1.75,1320,6205,1,0,0,5,7,1320,0,1948,0,98133,47.7412,-122.343,1210,6205
3275850020,781000,4,2.5,2590,8571,2,0,0,3,9,2590,0,1988,0,98052,47.691,-122.105,2360,8155
3876300600,371000,4,1.75,1610,11305,1,0,0,3,7,1610,0,1968,0,98034,47.727,-122.176,1870,11850
1450900020,268000,3,2,1610,8416,1,0,0,3,7,1610,0,1994,0,98031,47.397,-122.187,1600,8308
8562780280,331000,2,2.25,1240,720,2,0,0,3,7,1150,90,2008,0,98027,47.5322,-122.072,1260,810
7663700973,321000,3,2.25,1347,1292,3,0,0,3,7,1347,0,2010,0,98125,47.7306,-122.291,1480,1865
2126049032,375000,3,1.75,1330,9417,1,0,0,5,6,710,620,1936,0,98125,47.7231,-122.301,1690,7937
1823059159,298000,2,1,850,5000,1,0,0,3,5,850,0,1907,0,98055,47.4874,-122.207,910,4815
3438503426,209500,3,1.5,970,5488,1,0,0,3,7,970,0,1976,0,98106,47.5366,-122.359,1040,5488
9297301495,440000,3,2.5,2160,3738,2,0,0,3,8,2160,0,1994,0,98126,47.5661,-122.375,1500,4000
7140700850,350000,4,2.5,2560,5428,2,0,0,3,8,2560,0,2012,0,98042,47.3835,-122.095,2620,5428
7942601805,618000,3,2.5,2340,3630,2,0,0,3,9,2340,0,1998,0,98122,47.6059,-122.307,1820,5120
2555900030,320000,3,1,1520,8870,1.5,0,0,4,7,1520,0,1951,0,98155,47.7638,-122.317,1520,7800
2887970040,234950,2,2.5,1720,3132,2,0,0,3,8,1720,0,1999,0,98042,47.3728,-122.157,1740,4220
7419700010,665000,5,2,2800,17788,1,0,0,4,8,1400,1400,1963,0,98033,47.6719,-122.163,1760,18282
2239000011,500000,4,2,1530,7816,1,0,0,3,7,1530,0,1955,0,98133,47.7309,-122.332,1480,7816
9283800050,575000,2,1.5,1750,19709,1.5,0,0,4,8,1440,310,1978,0,98010,47.3351,-122.044,1950,21075
9407001340,320000,3,2,1110,10500,1,0,0,5,7,1110,0,1978,0,98045,47.4456,-121.773,1230,10395
217500140,464000,5,2.5,3400,8970,1,0,0,4,8,1700,1700,1959,0,98133,47.7358,-122.335,1890,8475
7212660520,280000,4,2,1600,6861,1,0,0,3,7,1600,0,1994,0,98003,47.2701,-122.313,1870,7455
3298201170,350000,3,1,940,7811,1,0,0,3,6,940,0,1959,0,98008,47.6195,-122.118,1180,7490
3057000400,249000,2,1.5,1090,2686,2,0,0,3,7,1090,0,1982,0,98034,47.717,-122.19,1160,2158
6865200444,531000,2,3,1270,1175,2,0,0,3,8,1110,160,2000,0,98103,47.6634,-122.34,1290,1800
6071600340,472800,3,2.25,1840,8400,1,0,0,3,8,1290,550,1961,0,98006,47.5497,-122.172,2110,8400
6821600005,710000,4,1.75,2120,5400,1,0,0,4,8,1060,1060,1941,0,98199,47.6501,-122.395,2052,6000
1235100371,580000,5,2.75,3550,9600,2,0,0,3,7,3550,0,1960,0,98033,47.6766,-122.186,3370,9600
7796450340,330000,4,2.5,2980,5674,2,0,0,3,8,2980,0,2003,0,98023,47.277,-122.347,2610,5495
3603000410,174950,2,1,730,6000,1,0,0,3,6,730,0,1950,1985,98198,47.3832,-122.3,1750,7200
9297300255,565000,3,3,2110,4000,1,0,2,4,7,1110,1000,1965,0,98126,47.5696,-122.375,1730,4000
9126100850,534000,5,2,2280,3600,2,0,0,3,7,2280,0,1992,0,98122,47.6056,-122.305,1740,1800
2770601462,503500,3,2.5,1810,1750,2,0,0,3,7,1350,460,1997,0,98199,47.6513,-122.386,1640,1563
2599001500,235000,3,1.75,1420,7920,1,0,0,4,7,1420,0,1962,0,98092,47.2931,-122.188,1420,7920
1102000095,558000,4,2.5,3220,5120,2,0,0,3,9,2420,800,2000,0,98118,47.5434,-122.27,1770,7680
1853080640,966000,5,4.5,3810,8019,2,0,0,3,10,3810,0,2008,0,98074,47.5915,-122.058,3390,7713
9551201585,1297000,6,2.75,2630,9420,2,0,0,5,9,2510,120,1900,0,98103,47.6695,-122.337,1540,4969
3438500796,310000,3,1.5,1060,6954,1,0,0,4,6,1060,0,1983,0,98106,47.5497,-122.355,1560,6372
7518504291,535000,2,1,1520,3360,1,0,0,4,7,830,690,1927,0,98117,47.6815,-122.382,1470,3774
9269200340,432000,4,1.75,1970,5160,1.5,0,0,3,7,1970,0,1942,0,98126,47.534,-122.373,1230,4920
715010130,1750000,6,4.25,5860,13928,2,0,3,3,10,4150,1710,2013,0,98006,47.5382,-122.114,5790,13928
1982201485,675000,4,3,2400,3340,1,0,0,4,7,1200,1200,1964,0,98107,47.6646,-122.365,1520,3758
9526500080,337000,4,2,1590,8779,1,0,0,3,8,1590,0,2001,0,98019,47.7408,-121.974,2090,9600
9277200180,410000,3,1,1410,5000,1,0,0,3,6,980,430,1925,0,98116,47.5769,-122.397,1410,5000
6669150280,320000,4,2.5,2130,9653,1,0,0,3,7,1500,630,1978,0,98031,47.4068,-122.175,2000,7988
8917100153,585000,4,2.5,2370,15200,1,0,0,3,8,1660,710,1975,0,98052,47.6295,-122.089,2360,13879
3760500516,835000,5,4,3600,14720,1,0,2,5,8,1800,1800,1960,0,98034,47.7022,-122.227,3600,15358
2725069050,863000,4,2.5,4120,22370,2,0,0,3,10,4120,0,1997,0,98074,47.6239,-122.023,3180,7257
3332000091,320000,3,1,1190,4120,1,0,0,3,6,1190,0,1929,0,98118,47.5513,-122.272,1360,4635
8562770080,613000,3,3.25,2440,2812,2,0,0,3,8,1710,730,2005,0,98027,47.5362,-122.072,2440,2836
8151601190,180000,5,1,1460,11726,1.5,0,0,3,6,1290,170,1936,0,98146,47.5039,-122.361,1460,10450
8563040160,560000,4,2.25,2550,7800,1,0,0,3,8,1580,970,1968,0,98052,47.6283,-122.095,2420,8050
240000269,530000,4,4.5,4060,10800,2,0,0,3,10,4060,0,2007,0,98188,47.4241,-122.29,1830,9768
4307350200,347000,3,2.5,1680,4308,2,0,0,3,7,1680,0,2004,0,98056,47.4802,-122.179,2160,4182
1311910300,260000,5,2.25,2320,6375,1,0,0,4,7,1270,1050,1967,0,98001,47.3351,-122.282,1760,7600
3574900030,585000,4,2.5,2200,9099,2,0,0,3,8,2200,0,1994,0,98034,47.733,-122.225,2270,8900
7853230570,440000,3,2.5,2230,5800,2,0,0,3,7,2230,0,2004,0,98065,47.5308,-121.847,2230,6088
320069049,305000,4,1.5,1590,131551,1,0,3,4,7,1590,0,1966,0,98022,47.2558,-122.024,2280,108028
9839301060,650500,3,1.75,1740,4400,1.5,0,0,3,8,1740,0,1903,0,98122,47.6115,-122.292,1740,4400
7011201333,590000,3,3.25,1290,1230,2,0,2,3,9,1090,200,2008,0,98119,47.6367,-122.37,1710,1797
2781320100,245000,3,1.75,1670,24650,1,0,0,4,7,1670,0,1974,0,98022,47.1764,-122.026,1810,19465
3421069120,329999,3,2.75,3360,41250,1,0,0,4,7,1820,1540,1988,0,98022,47.2604,-122.023,2580,98881
7852030320,470000,3,2.5,2620,4874,2,0,0,3,7,2620,0,1999,0,98065,47.5328,-121.879,2360,4231
5316101075,2885000,7,3,5350,14400,2.5,0,0,4,10,5020,330,1910,0,98112,47.6295,-122.285,3050,7469
5309100750,580000,3,1.75,1460,2800,2,0,0,3,7,1460,0,1928,0,98117,47.6779,-122.371,1220,4062
629000730,745000,3,1.75,1490,9800,1,0,0,4,7,1140,350,1947,0,98004,47.584,-122.198,2310,9800
511700170,350000,4,2.25,1780,10416,1,0,0,5,7,1060,720,1963,0,98055,47.4414,-122.189,1780,9975
1562100030,515000,4,1.75,1730,7980,1,0,0,4,8,1730,0,1965,0,98007,47.6219,-122.138,2080,8400
2489200230,756100,4,2,2000,8317,1.5,0,0,4,8,2000,0,1917,0,98126,47.5394,-122.379,1390,6001
524069116,472500,3,2,1750,15500,1,0,0,3,7,1490,260,1982,0,98075,47.5887,-122.065,2450,50094
5315100737,900000,6,2.75,2300,24773,1.5,0,0,4,9,2300,0,1950,1985,98040,47.5833,-122.242,2720,11740
1868900675,895000,4,2.75,2640,4000,2,0,0,5,8,1730,910,1925,0,98115,47.6727,-122.297,1530,3740
1608000120,255000,3,2.5,2555,5720,2,0,0,3,8,2555,0,2006,0,98031,47.386,-122.184,2844,5769
705700240,380000,4,2.5,2320,10079,2,0,0,3,7,2320,0,1994,0,98038,47.3828,-122.026,2010,7438
7575600610,265000,3,2.5,1660,5250,2,0,0,4,8,1660,0,1988,0,98003,47.3541,-122.3,1630,5505
1778500015,728000,3,1.5,1940,4000,1.5,0,0,3,8,1310,630,1915,0,98112,47.6205,-122.291,1940,4000
5423500240,194000,3,1,1050,7577,1,0,0,3,7,1050,0,1983,0,98023,47.2891,-122.357,1430,7245
6713700025,300000,3,1,1220,13000,1,0,0,4,7,1220,0,1955,0,98133,47.7608,-122.353,1510,12600
2734100734,216650,3,3.5,1540,1427,2,0,0,3,7,1360,180,2007,0,98109,47.542,-122.322,1220,4000
301402280,223990,2,2.25,1061,2884,2,0,0,3,7,1061,0,2013,0,98002,47.346,-122.218,1481,2887
2113700205,220000,4,1,1200,6000,1.5,0,0,3,6,1200,0,1923,0,98106,47.5307,-122.352,950,4000
4114601570,3600000,3,3.25,5020,12431,2,1,4,3,10,3420,1600,1941,2002,98144,47.5925,-122.287,3680,12620
3332000615,310000,3,1,1330,3740,1.5,0,0,3,6,1330,0,1903,0,98118,47.5502,-122.274,1330,5053
3630050180,360000,2,1.75,1230,1107,2,0,0,3,8,1230,0,2006,0,98029,47.5475,-121.999,1380,1107
6852700520,635000,2,2.5,1390,1132,2,0,0,3,8,1130,260,2006,0,98102,47.6228,-122.319,1400,1237
6870310010,599950,4,3.5,2500,3080,2,0,0,3,8,1810,690,2008,0,98052,47.6749,-122.14,2060,3295
6163900981,220000,3,1,1180,5002,1.5,0,0,3,7,1180,0,1946,0,98155,47.7529,-122.324,1470,8410
393000142,372000,4,2.5,2070,8658,2,0,0,3,8,2070,0,1999,0,98178,47.5072,-122.257,2010,7215
1771100130,332900,3,1.5,1190,11996,1,0,0,4,7,1190,0,1969,0,98077,47.7561,-122.071,1190,9756
1442860160,380000,3,2.5,2280,10255,2,0,0,4,8,2280,0,1985,0,98058,47.4334,-122.161,2310,10094
9191200435,471000,4,1.75,1450,3750,1,0,0,4,7,950,500,1925,0,98105,47.6706,-122.3,1850,4000
6788200800,1185000,4,2.75,2850,3000,2.5,0,0,3,9,2530,320,2003,0,98112,47.6406,-122.304,2083,4500
1115300070,684000,4,3.5,3040,8414,2,0,0,3,9,2420,620,2010,0,98059,47.5222,-122.157,3470,8066
3176600105,750000,3,2.25,2250,5301,2,0,0,4,8,1510,740,1975,0,98115,47.6741,-122.271,2240,7200
2770604665,612125,2,1.5,1670,6000,1,0,0,3,7,1090,580,1950,0,98119,47.6517,-122.374,1670,6000
5469500580,455500,3,1.75,2290,19000,1,0,0,4,9,1650,640,1973,0,98042,47.3837,-122.158,2900,13034
5680000545,330000,4,2,1750,5202,1,0,1,4,6,1070,680,1942,0,98108,47.5677,-122.317,2090,5400
3424089119,654000,3,2.5,3240,60840,2,0,0,3,7,3240,0,1997,0,98045,47.5192,-121.764,2570,204732
1328300180,323000,4,2.75,1970,7213,1,0,0,3,8,1170,800,1977,0,98058,47.4424,-122.126,1980,7045
1773100922,315000,3,3.25,1480,983,2,0,0,3,8,1180,300,2013,0,98106,47.5555,-122.363,1330,1062
4123830480,392000,4,2.75,1940,6555,2,0,0,3,8,1940,0,1990,0,98038,47.3701,-122.041,1840,6912
9808610190,782000,4,2.5,2830,20345,2,0,0,3,10,1980,850,1979,0,98004,47.6462,-122.191,2830,13732
4250200140,298500,4,2.5,1890,5954,2,0,0,3,7,1890,0,2004,0,98092,47.3293,-122.194,2030,5880
4217402115,3650000,6,4.75,5480,19401,1.5,1,4,5,11,3910,1570,1936,0,98105,47.6515,-122.277,3510,15810
3831250350,374000,3,2.5,2185,6042,2,0,0,3,9,2185,0,2009,0,98030,47.3573,-122.202,2297,5876
2397101055,850000,3,2.25,1950,3600,1.5,0,0,5,8,1430,520,1911,0,98119,47.637,-122.363,1950,3600
6817850110,785000,4,2.5,3210,24527,1.5,0,0,3,11,3210,0,1984,0,98074,47.6399,-122.052,3280,24527
7526800200,615000,4,2.25,2500,10062,1,0,0,3,8,1600,900,1975,0,98052,47.639,-122.1,2500,9750
7853370100,599832,3,2.75,3230,5200,2,0,0,3,9,2680,550,2014,0,98065,47.519,-121.878,3100,4900
2523089025,1075000,3,3,4020,435600,1.5,0,2,3,10,4020,0,1999,0,98045,47.4418,-121.731,2590,283140
9476200680,226000,3,1.75,1490,6269,1,0,0,4,6,990,500,1944,0,98056,47.4917,-122.188,1490,7722
5714200140,421500,4,3,2793,5703,2,0,0,3,9,2793,0,2009,0,98030,47.3682,-122.178,2793,5704
3575304895,406550,5,2.75,2400,15781,1,0,0,4,7,1200,1200,1974,0,98074,47.622,-122.059,2390,7500
263000018,360000,3,2.5,1530,1131,3,0,0,3,8,1530,0,2009,0,98103,47.6993,-122.346,1530,1509
8080400177,520000,2,1.75,1340,1368,2,0,0,3,7,1060,280,2006,0,98122,47.618,-122.311,2480,1707
6450304130,329950,2,1,1140,5250,1.5,0,0,4,6,1140,0,1949,0,98133,47.731,-122.341,1450,5250
514500090,550000,4,2,2250,7500,1,0,0,5,7,1200,1050,1956,0,98005,47.5877,-122.157,1440,7500
9477000300,425000,4,2.25,2060,8540,1,0,0,4,7,1540,520,1967,0,98034,47.734,-122.19,1560,7700
853600310,1610000,5,4.5,6085,142725,3,0,0,3,11,6085,0,2000,0,98014,47.6085,-121.952,4830,128457
1951600240,185000,3,1,1240,9198,1.5,0,0,4,7,1240,0,1959,0,98032,47.37,-122.297,1170,8970
1099900120,345000,3,2.5,2340,8414,1,0,0,3,7,1280,1060,1993,0,98188,47.4685,-122.265,2340,7268
5323100120,585000,3,3.5,1700,2197,2,0,0,3,8,1260,440,2010,0,98116,47.5767,-122.41,1360,1418
1223089016,325000,3,2.25,2450,49658,1,0,0,3,7,1770,680,1978,0,98045,47.486,-121.726,1340,121097
522059172,220000,3,1,1460,10200,1,0,0,4,7,1460,0,1957,0,98055,47.4238,-122.197,1460,8500
1930300190,716100,3,1,1640,4000,1.5,0,0,5,7,1640,0,1909,0,98103,47.6563,-122.351,2140,4000
9542840410,313999,4,2.25,1870,4198,2,0,0,3,7,1870,0,2008,0,98038,47.3657,-122.021,1870,4184
8665050530,450000,3,2,1610,4364,2,0,0,3,8,1610,0,1996,0,98029,47.5672,-122.004,2010,4364
5592900205,380000,2,1.75,1800,7191,1,0,3,4,7,990,810,1952,0,98056,47.4828,-122.191,1940,7400
5450300010,572000,3,1.5,1680,13751,1,0,0,4,7,1680,0,1951,0,98040,47.5716,-122.227,1760,13500
2459960030,343888,4,2.5,2060,5607,2,0,0,3,7,2060,0,2002,0,98058,47.4365,-122.144,2060,5367
3331500455,474950,3,2.25,1850,2575,2,0,0,3,9,1850,0,2013,0,98118,47.5525,-122.273,1080,4120
3432500705,410000,4,2.25,2200,8292,2,0,0,3,7,2200,0,1990,0,98155,47.7456,-122.315,1090,8290
3702900165,295000,1,1,520,5600,1,0,0,3,6,520,0,1918,0,98116,47.5579,-122.395,1030,5265
5249803550,635000,3,2.5,1960,7200,1,0,0,4,8,980,980,1940,0,98118,47.5655,-122.27,1440,7200
626049058,275000,5,2.5,2570,17234,1,0,0,3,7,1300,1270,1959,0,98133,47.7753,-122.355,1760,7969
1788900380,185000,2,1,1122,9100,1,0,0,4,6,1122,0,1960,0,98023,47.328,-122.341,840,9344
8075400360,239000,2,1,1130,15190,1,0,0,4,7,1130,0,1954,0,98032,47.3902,-122.283,1490,16920
9113200250,840000,4,2.5,2480,4602,2,0,0,3,9,2480,0,2000,0,98052,47.6835,-122.161,3480,5739
2738640040,644000,4,2.5,3310,4839,2,0,0,3,9,3310,0,2007,0,98072,47.773,-122.161,3240,5280
7821200307,515000,2,1,970,3300,1,0,0,4,7,970,0,1916,0,98103,47.6609,-122.343,1060,3600
3530440140,276200,2,1.75,1370,4495,1,0,0,4,8,1370,0,1975,0,98198,47.3794,-122.317,1370,4686
3582700130,400000,4,1.75,1770,12875,1,0,0,3,8,1770,0,1988,0,98028,47.7438,-122.247,2150,12875
9276200569,769900,4,3.5,2730,3047,2,0,0,3,8,2400,330,2006,0,98116,47.5797,-122.391,1980,4600
7197800020,585000,4,2.5,2250,4119,2,0,0,3,8,2250,0,2001,0,98075,47.5973,-122.034,2290,3115
686200490,570000,4,1.75,1860,7700,1,0,0,4,8,1860,0,1964,0,98008,47.626,-122.112,1860,7700
3501600100,490000,3,1,920,4800,1,0,0,4,6,780,140,1926,0,98117,47.6937,-122.362,1370,4800
6383000690,587100,3,2.25,1670,6414,1,0,0,4,8,1670,0,1961,0,98117,47.6921,-122.386,2130,7035
7604400150,329900,3,2,1380,5198,1,0,0,4,7,1380,0,1982,0,98106,47.5514,-122.357,1320,6827
5249801411,725000,5,3.75,3360,6000,2,0,0,3,8,2640,720,1963,1999,98118,47.558,-122.277,1930,6000
2607720420,445000,3,2.5,2250,9608,2,0,0,3,8,2250,0,1994,0,98045,47.4865,-121.802,2020,9834
9561100010,380000,3,2.5,1840,6985,1,0,0,3,7,1290,550,1971,0,98133,47.7586,-122.342,2160,7990
1796370590,255000,3,2,1490,7599,1,0,0,3,7,1490,0,1990,0,98042,47.3687,-122.088,1560,7710
4077800593,355000,3,1,1360,8968,1,0,0,3,7,1360,0,1956,0,98125,47.7105,-122.289,1490,7355
854000165,285000,3,1.5,1400,7582,1,0,0,3,7,1400,0,1956,0,98148,47.4536,-122.33,1280,7872
5536100010,1050000,4,1,1330,9729,1,0,0,3,6,1330,0,1952,0,98004,47.6223,-122.208,2920,10353
4188000670,749400,4,2.5,3240,20301,2,0,0,3,10,3240,0,1985,0,98052,47.719,-122.114,3010,23650
31000165,1490000,5,3.5,3620,7821,2,0,2,3,10,2790,830,1958,2010,98040,47.5738,-122.215,2690,9757
662350050,950000,5,3.25,3400,7452,2,0,0,3,10,3400,0,1999,0,98007,47.6141,-122.136,2650,8749
4137000280,264500,3,2.5,1630,8346,1,0,0,3,8,1630,0,1990,0,98092,47.2622,-122.219,2110,8619
6169901130,1385000,3,3,2490,3600,2,0,3,4,8,1790,700,1911,0,98119,47.6313,-122.369,2490,3600
1953400510,199950,5,2.5,1740,8750,1,0,0,4,7,1740,0,1959,0,98198,47.3904,-122.299,1740,8750
7518506716,969950,3,2.5,2830,3750,3,0,0,3,10,2830,0,2014,0,98117,47.6798,-122.385,1780,5100
1552520010,405000,3,2.5,1500,9636,2,0,0,3,7,1500,0,1994,0,98011,47.75,-122.176,1700,9656
7955080270,322500,4,2.75,2060,6659,1,0,0,3,7,1280,780,1981,0,98058,47.4276,-122.157,2020,8720
9212900100,425000,4,1.75,1820,6000,1,0,0,3,7,930,890,1942,0,98115,47.6872,-122.296,1590,6000
3438500798,275000,3,1.5,1060,6954,1,0,0,4,6,1060,0,1983,0,98106,47.5498,-122.355,1560,6954
7899800890,181000,2,1.5,720,5120,1,0,0,3,6,720,0,1954,0,98106,47.5218,-122.357,1150,2566
4319200605,475000,3,2.5,1700,9100,1,0,0,3,8,1160,540,1998,0,98126,47.5369,-122.378,1590,8374
1329300480,376950,4,2.5,2643,5750,2,0,0,3,8,2643,0,2012,0,98030,47.3519,-122.173,2406,5772
8935100100,476000,4,3,2890,6885,1,0,0,3,7,1590,1300,1945,2015,98115,47.6763,-122.282,2180,6885
5016001260,480000,2,1,820,4200,1,0,0,3,7,820,0,1980,0,98112,47.6249,-122.298,1290,4000
4337600280,229000,3,2,1760,9900,1,0,0,4,7,1760,0,1943,0,98166,47.4783,-122.338,1190,9900
1446401220,226950,2,1,930,6600,1,0,0,3,6,930,0,1957,0,98168,47.4868,-122.33,1250,6600
7135521530,669888,4,2.75,2550,7591,2,0,0,3,9,2550,0,1989,0,98059,47.5302,-122.147,2670,7796
6888900115,555750,3,1,1060,4880,1,0,0,2,6,910,150,1913,0,98118,47.5545,-122.288,1200,4880
2413301070,280000,4,2.25,2100,8075,2,0,0,3,8,2100,0,1978,0,98003,47.3251,-122.329,2100,7464
345700040,315000,2,1,1010,7338,2,0,0,4,7,1010,0,1981,0,98056,47.5123,-122.19,1220,7719
5566100145,499950,3,1.5,1360,11250,1,0,0,4,7,1360,0,1955,0,98006,47.5697,-122.177,1440,11250
7634800070,453000,3,2.5,1820,16300,1,0,0,4,7,1220,600,1955,0,98166,47.4582,-122.365,1870,16300
9346910500,700000,3,2.5,2060,10650,1,0,0,5,8,1050,1010,1976,0,98006,47.5627,-122.137,2690,8850
3529300060,347500,3,2.5,1890,7053,2,0,0,4,8,1890,0,1992,0,98031,47.3967,-122.183,2000,7226
8128600060,600000,4,3.25,4690,14930,2,0,2,3,10,3680,1010,1995,0,98155,47.7718,-122.283,2910,13320
8572900275,286000,2,1,780,3475,1,0,0,4,5,780,0,1930,0,98045,47.4944,-121.789,1210,6769
4139420590,1212500,4,3.5,4560,16643,1,0,3,3,12,2230,2330,1995,0,98006,47.5521,-122.115,4060,15177
9274200322,580000,3,2.5,1740,1236,3,0,2,3,8,1740,0,2008,0,98116,47.5891,-122.387,1740,1280
1472700200,630000,3,1.75,1710,8767,1,0,0,4,8,1710,0,1986,0,98033,47.6945,-122.188,2050,9200
8820903380,730000,6,2.25,2660,13579,2,0,0,3,7,2660,0,1937,1990,98125,47.7142,-122.286,1120,8242
8563010130,1300000,3,2.5,3350,7752,1,0,0,3,9,2180,1170,2009,0,98008,47.6263,-122.099,2570,7988
8965450110,850000,3,2.5,3300,11570,2,0,0,3,9,3300,0,1994,0,98006,47.5599,-122.121,3280,11446
9274204230,410000,3,1.75,1660,6250,1,0,0,3,7,830,830,1980,0,98116,47.5859,-122.385,1660,5750
8165501700,325000,2,2.25,1550,2285,2,0,0,3,8,1550,0,2007,0,98106,47.5398,-122.369,1550,2135
2193340260,596500,4,2.25,1770,8505,2,0,0,3,8,1770,0,1986,0,98052,47.6904,-122.102,1880,8939
1860600290,1020000,3,2.25,1670,4800,1.5,0,3,3,8,1670,0,1903,0,98119,47.6356,-122.367,2300,4800
1222000055,180250,2,0.75,900,9600,1,0,0,3,6,900,0,1941,0,98166,47.4604,-122.339,1250,14280
2492200280,528000,3,2.75,2160,4086,1,0,0,3,7,1380,780,1987,0,98126,47.5352,-122.38,1300,4080
2488200455,405500,2,2.75,1350,1252,2,0,0,3,8,1120,230,2006,0,98136,47.522,-122.39,1410,1265
809001520,1850000,4,3.25,3480,6000,3,0,0,3,8,3480,0,2014,0,98109,47.6353,-122.353,2200,4080
1796361140,230000,3,1.75,1340,8250,1,0,0,3,7,1100,240,1985,0,98042,47.3668,-122.09,1540,7860
6398000011,789000,3,3,3740,39640,2,0,2,3,10,3740,0,1991,0,98070,47.4036,-122.462,2930,26136
6813600365,527950,4,1.75,1760,3600,1,0,0,5,7,880,880,1926,0,98103,47.6889,-122.33,1500,5580
7504100920,688000,3,3,3450,16200,2,0,0,3,10,3450,0,1983,0,98074,47.6319,-122.041,3130,12150
8835770330,1057000,2,1.5,2370,184231,2,0,0,3,11,2370,0,2005,0,98045,47.4543,-121.778,3860,151081
524059322,999999,3,2.5,2100,4097,2,0,0,3,9,2100,0,2008,0,98004,47.5983,-122.2,1780,4764
4307330280,355000,4,2.5,2390,6775,2,0,0,3,7,2390,0,2003,0,98056,47.4811,-122.182,2560,6346
1245002952,1197350,4,2.5,2770,7800,2,0,0,3,10,2770,0,1999,0,98033,47.684,-122.205,2720,10000
2021069059,254600,3,2,1470,20000,1,0,0,4,7,1470,0,1968,0,98002,47.2973,-122.08,1390,30056
5700000595,630000,4,2,2000,5000,1.5,0,0,5,7,2000,0,1925,0,98144,47.5787,-122.293,2200,5000
3629970930,670000,3,3,2980,3730,2,0,0,3,9,2980,0,2005,0,98029,47.5533,-121.995,2710,3640
3336002215,319950,2,1,1240,5500,1.5,0,0,3,6,1240,0,1921,0,98118,47.5257,-122.263,1520,5500
5100401060,550000,4,3,2360,6678,1,0,0,3,8,1760,600,1949,0,98115,47.6919,-122.313,1640,6380
3278600750,250000,1,1.5,1180,1688,2,0,0,3,8,1070,110,2007,0,98126,47.549,-122.372,1380,2059
1126069045,1135000,6,4.25,6900,244716,2,0,0,4,9,4820,2080,2002,0,98077,47.7506,-122.012,4170,266587
7568700175,324950,3,1,1210,7440,1,0,0,3,7,1210,0,1949,0,98155,47.7402,-122.323,1120,7440
452001475,477000,3,1,960,3600,1,0,0,4,7,960,0,1906,0,98117,47.6758,-122.369,1580,5000
9283800230,531500,4,2.75,3110,49765,1,0,0,4,8,3110,0,1958,1972,98010,47.3343,-122.044,1880,19709
1737300130,610000,6,2.5,3610,12033,2,0,0,3,8,3210,400,1970,0,98011,47.7692,-122.219,2210,8577
6189600040,443000,3,1.75,1810,7950,1,0,0,4,7,1810,0,1968,0,98008,47.6236,-122.117,1680,7725
3679400025,385000,3,1.75,2160,5863,1.5,0,0,4,7,1260,900,1928,0,98144,47.5729,-122.315,1590,3000
1096100010,320000,2,1,1210,7040,1,0,0,3,7,1210,0,1952,0,98155,47.745,-122.297,1210,7205
9513900050,237000,3,2,1210,6634,1,0,0,4,7,1210,0,1985,0,98031,47.4097,-122.193,1560,7200
5452800645,865000,4,2.5,2260,13600,1,0,0,4,8,1770,490,1974,0,98040,47.5436,-122.233,2630,13995
273800100,239900,4,1.75,1480,9523,1,0,0,3,7,1120,360,1959,0,98030,47.3732,-122.217,1590,8300
7228500037,555000,2,1.5,1190,1361,2,0,0,3,8,1190,0,2007,0,98122,47.6161,-122.302,1280,3360
808300090,435000,4,2.5,2650,9065,2,0,0,3,7,2650,0,2000,0,98019,47.7258,-121.959,2590,13218
2493200215,582000,3,1.75,1820,3140,2,0,0,5,8,1820,0,1949,1990,98136,47.5271,-122.384,2030,5499
5035300255,450000,2,1.75,2130,6574,1,0,0,3,8,1500,630,1946,0,98199,47.6529,-122.411,2130,6275
3380900160,502000,4,1.5,1700,8400,1,0,0,3,7,1700,0,1953,0,98177,47.7677,-122.359,1750,8475
3630000130,430000,3,2.25,1470,1703,2,0,0,3,8,1470,0,2005,0,98029,47.5478,-121.999,1380,1107
7300400670,277000,4,2.5,1850,5880,2,0,0,3,8,1850,0,1998,0,98092,47.3322,-122.173,2370,6500
6798100070,467000,3,1,1220,8040,1.5,0,0,3,7,1220,0,1965,0,98125,47.7133,-122.308,1360,8040
8078400010,530000,4,2.25,2240,8376,1,0,0,3,8,1740,500,1984,0,98074,47.6323,-122.029,1890,7875
5566100060,490000,3,1.75,1720,12540,1,0,0,4,7,1720,0,1956,0,98006,47.5699,-122.177,1440,11850
2768200212,499950,2,2.5,1320,1157,2,0,0,3,8,990,330,2014,0,98107,47.6689,-122.363,1550,1519
4035900060,515000,3,1.75,1600,20873,1,0,0,3,8,1600,0,1955,0,98006,47.5632,-122.182,2640,18364
9460000110,280000,3,1.75,2630,6500,1,0,0,3,7,1330,1300,1958,0,98055,47.4878,-122.221,2520,6500
7199320190,618000,4,2.25,2470,7350,1,0,0,3,7,1600,870,1978,0,98052,47.6936,-122.128,1970,7700
2225039081,405000,3,1,960,3960,1,0,0,3,7,960,0,1943,0,98199,47.6465,-122.404,1550,6050
9512200050,551000,5,3.75,3090,4943,2,0,0,3,10,3090,0,2010,0,98058,47.4594,-122.133,3191,5561
2634500085,241450,3,1,1100,8138,1,0,0,3,7,1100,0,1949,0,98155,47.7393,-122.325,1440,8131
3654800200,265000,3,2.5,1720,6271,2,0,0,3,7,1720,0,1993,0,98038,47.3898,-122.049,1570,6587
2724079090,1650000,4,3.25,3920,881654,3,0,3,3,11,3920,0,2002,0,98024,47.5385,-121.896,2970,112384
2597520720,720000,5,2.5,2900,9525,2,0,0,3,9,2900,0,1989,0,98006,47.5442,-122.138,2910,11854
3034200426,450500,3,1,1410,9384,1,0,0,3,7,1410,0,1948,0,98133,47.7161,-122.33,1990,9384
984000130,325000,4,2.25,1920,11603,2,0,0,4,7,1920,0,1967,0,98058,47.4315,-122.169,1840,7350
7852020670,475000,3,2.75,1890,3938,2,0,0,3,8,1890,0,1999,0,98065,47.5336,-121.867,1890,4142
7923500060,713000,5,2.75,2580,9242,2,0,2,4,8,1720,860,1967,0,98007,47.5943,-122.133,2240,9316
2310030510,320000,4,2.25,1550,7579,2,0,0,3,8,1550,0,1993,0,98038,47.354,-122.047,1630,6397
2205500540,365000,4,1.5,1820,12327,1,0,0,4,7,1380,440,1955,0,98006,47.5767,-122.144,1450,9256
2493200015,380000,3,1.5,1520,4288,1,0,0,3,7,1020,500,1949,0,98136,47.5284,-122.387,1660,4288
7853361420,569950,4,2.5,3230,5899,2,0,0,3,8,3230,0,2012,0,98065,47.515,-121.869,2720,5899
5652600605,630000,5,2,2330,6783,1,0,0,3,7,1310,1020,1956,0,98115,47.6955,-122.295,1930,6783
5285200020,349950,2,1.75,1640,4176,1,0,0,4,7,1040,600,1948,0,98118,47.5162,-122.26,1460,5200
9406530150,344000,4,2.5,2400,4848,2,0,0,3,8,2400,0,2004,0,98038,47.3626,-122.04,1980,5199
5706300020,473000,3,2.25,1620,12309,2,0,0,3,7,1620,0,1987,0,98074,47.6188,-122.029,2030,13963
3278602490,365000,3,2.5,1780,1754,3,0,0,3,8,1780,0,2007,0,98126,47.548,-122.373,1780,1607
7197000100,510000,4,3.25,1980,9988,1,0,0,3,8,1340,640,1980,0,98052,47.6883,-122.111,1980,8972
4447300008,530000,3,1.5,1950,1963,3,0,0,3,8,1950,0,2002,0,98117,47.6904,-122.397,1590,2028
7899800045,107000,3,1.5,910,5120,1,0,0,3,6,910,0,1973,0,98106,47.5238,-122.356,1410,5132
9250900095,331000,2,1,1480,6210,1,0,0,3,7,1080,400,1950,0,98133,47.774,-122.351,1290,7509
9268851740,629800,3,2.5,2390,1984,2,0,0,3,8,2220,170,2008,0,98027,47.5405,-122.027,2150,1984
8682261440,579000,2,1.75,1560,4500,1,0,0,3,8,1560,0,2004,0,98053,47.7128,-122.032,1860,4500
7284900385,970000,4,3.25,2790,5420,1,0,3,3,9,1130,1660,1963,2013,98177,47.7698,-122.386,2530,7200
8079040300,460500,4,2.5,2170,7533,2,0,0,3,8,2170,0,1991,0,98059,47.5057,-122.149,2170,8728
2225300585,370000,3,2.75,1750,9166,1,0,0,4,7,1170,580,1979,0,98155,47.7696,-122.325,1810,8760
3223039013,567035,3,2,2064,46173,2,0,0,5,7,2064,0,1903,0,98070,47.4469,-122.455,1640,21780
2013801350,220000,3,1.75,1460,7226,1,0,0,3,7,1460,0,1993,0,98198,47.3839,-122.321,1760,7226
4055701110,795000,3,2,2420,17859,1,0,1,5,9,1500,920,1979,0,98034,47.7074,-122.246,2955,17859
3578401770,400000,3,1,1410,9704,1,0,0,3,8,1140,270,1983,0,98074,47.6203,-122.036,1910,13639
4046500720,470950,3,2.5,2560,16420,2,0,0,4,8,2560,0,1989,0,98014,47.6916,-121.916,2120,16298
6145601745,220000,2,1,890,4804,1,0,0,4,7,890,0,1928,0,98133,47.7027,-122.346,1010,3844
5207200195,691500,4,2.5,2600,7200,2,0,0,3,7,2600,0,1962,2002,98115,47.6944,-122.274,1790,6175
1972201856,526000,2,2,1550,2400,1.5,0,0,4,7,1550,0,1900,0,98103,47.654,-122.346,1180,1224
7212680080,300000,3,1.75,1700,8481,2,0,0,3,7,1700,0,1993,0,98003,47.2623,-122.305,1830,6600
7277100510,605000,3,1.75,1930,5400,2,0,2,3,9,1930,0,1978,0,98177,47.77,-122.391,2100,6840
522079022,700000,3,2.5,2530,623779,1,0,0,4,8,2530,0,1980,0,98038,47.4188,-121.949,2120,100623
5605000440,1000000,3,1,1880,5450,1.5,0,0,4,8,1880,0,1924,0,98112,47.6453,-122.302,2580,5450
6632300230,377500,3,2,1370,7200,1,0,0,3,7,1130,240,1926,1955,98125,47.7329,-122.308,1300,7208
8815400165,674000,5,1.75,2110,5000,1.5,0,0,4,7,1250,860,1946,0,98115,47.6745,-122.287,1720,5000
6708200320,599000,4,4.75,3700,11000,1,0,0,4,7,1840,1860,1962,0,98028,47.768,-122.251,1720,11564
2426059076,680000,4,2.5,2700,37431,1,0,0,4,8,1600,1100,1978,0,98072,47.7258,-122.117,2290,37431
3260200200,580000,3,2.25,1670,7416,1,0,0,4,7,1220,450,1974,0,98005,47.6028,-122.172,1710,7416
2770601741,390000,3,3,1490,2944,2,0,0,3,7,960,530,1993,0,98199,47.6506,-122.384,1590,1600
4338800500,262500,3,2,1130,7200,1,0,0,4,6,1130,0,1944,0,98166,47.4779,-122.342,1270,7500
9201000320,765000,4,2.25,2620,17366,1,0,3,3,9,1430,1190,1984,0,98075,47.584,-122.077,2620,15335
7655900038,296000,2,1,1370,8400,1,0,0,3,7,1370,0,1948,0,98133,47.7344,-122.336,1330,8396
3625059140,515000,3,1.75,1580,9147,1,0,1,4,7,1210,370,1967,0,98008,47.6069,-122.112,2600,23564
4222310010,267950,4,1,1730,7350,1.5,0,0,4,6,1730,0,1970,0,98003,47.3467,-122.307,1440,7752
2114700115,291700,3,2.5,1970,4120,1.5,0,0,3,6,1230,740,1927,0,98106,47.5328,-122.346,1470,4080
3291800710,338000,4,3,2090,7500,1,0,0,3,7,1370,720,1986,0,98056,47.4888,-122.182,1810,7650
9406590010,359950,4,3.25,2290,4785,2,0,0,3,9,2290,0,2007,0,98038,47.3833,-122.037,2290,4785
3025059124,3168750,5,3.5,4330,11979,1,0,4,3,12,2090,2240,2008,0,98004,47.6251,-122.218,4320,12000
7972601250,360000,6,2.75,2850,15240,1,0,0,3,7,1850,1000,1962,0,98106,47.5288,-122.345,2090,7620
930000470,675000,3,2.5,2540,7680,2,0,1,4,9,2540,0,1940,2001,98177,47.7175,-122.364,2490,7680
6690500060,530000,3,1,1370,4040,1.5,0,0,3,7,1370,0,1906,0,98103,47.6867,-122.354,1220,3030
16000015,219950,3,1.5,1070,6601,1,0,0,3,6,1070,0,1985,0,98002,47.3115,-122.209,1030,6614
5693501102,598500,3,3,1560,2091,3,0,0,3,8,1560,0,2006,0,98103,47.6604,-122.352,1530,2091
8079040490,470000,3,2.5,2150,8221,2,0,0,3,8,2150,0,1992,0,98059,47.5085,-122.15,2490,7951
7225000155,290000,4,3,2390,4500,2,0,0,3,7,2390,0,1974,0,98055,47.4872,-122.204,1320,4500
8819900170,861000,3,2,2520,3959,1,0,0,5,8,1270,1250,1931,0,98105,47.6693,-122.289,1660,3959
7972601270,369000,3,2,1550,8509,1,0,0,3,7,1150,400,1959,0,98106,47.5299,-122.344,1840,7620
1224069074,925000,4,2.5,3300,101930,2,0,0,4,10,3300,0,1991,0,98029,47.576,-121.976,2880,213879
5126900321,295000,4,2.5,2290,4539,2,0,0,3,7,2290,0,2001,0,98058,47.4753,-122.172,1710,7200
3438501860,385000,3,1,1020,5950,1,0,0,3,6,880,140,1950,0,98106,47.5436,-122.357,1800,5950
2822069080,390000,4,2.5,2560,43560,2,0,0,3,8,2560,0,1989,0,98038,47.3692,-122.047,2130,10150
1656600310,629000,4,2.5,2660,22050,2,0,0,3,9,2660,0,1996,0,98059,47.4911,-122.125,3060,21111
3856900507,1315000,4,3.5,3460,3997,2,0,0,3,10,2560,900,2004,0,98103,47.6718,-122.329,1860,4000
1626069139,462500,3,2.25,2350,51400,1,0,0,3,7,1390,960,1977,0,98077,47.7417,-122.053,2350,51400
2524049257,1530000,4,2.25,4250,16940,1,0,2,4,9,2380,1870,1974,0,98040,47.5453,-122.234,3460,17693
3904960150,535000,3,2.5,1970,6634,2,0,0,3,8,1970,0,1989,0,98029,47.5759,-122.012,2090,6176
7214820610,448000,4,1.75,2560,8270,1,0,0,3,7,1480,1080,1979,0,98072,47.7572,-122.147,2320,8450
7977201845,525000,3,1.75,1600,6120,1.5,0,0,3,7,1600,0,1924,0,98115,47.6847,-122.291,1670,4590
2428100080,1061600,4,3,2990,6695,2,0,0,3,10,2990,0,2014,0,98075,47.5817,-122.047,2760,6600
2202500135,333000,5,1.75,1240,8936,1,0,0,3,7,1240,0,1954,0,98006,47.5738,-122.136,1600,9341
1523550220,639900,3,2.5,2330,4160,2,0,0,4,8,2330,0,1992,0,98052,47.6367,-122.109,2940,4500
2313900610,410000,3,2.25,1420,3750,2,0,0,3,7,1420,0,1987,0,98116,47.5725,-122.383,1430,4664
4123840050,397500,4,2.5,2570,7859,2,0,0,3,8,2570,0,1992,0,98038,47.3736,-122.045,2150,7284
2125059124,955000,3,2.25,3020,43560,2,0,0,3,10,2720,300,1969,0,98005,47.6456,-122.173,3910,43560
1225039067,455000,2,2,1190,1303,2,0,0,3,8,800,390,2009,0,98107,47.6675,-122.368,1670,2425
6431500283,409500,3,1,1340,4120,1,0,0,4,7,1040,300,1921,0,98103,47.6916,-122.352,1270,4635
2473380010,265000,3,2.25,1750,9298,1,0,0,4,7,1410,340,1969,0,98058,47.4579,-122.164,1720,7875
5694501195,438600,1,1,720,2500,1,0,0,3,7,720,0,1910,0,98103,47.6597,-122.345,1520,3750
2881700046,310000,4,1,1740,11075,1.5,0,0,3,7,1740,0,1965,0,98133,47.7458,-122.334,1580,7684
6837820330,300000,4,2.5,2450,8932,2,0,0,3,8,2450,0,1990,0,98023,47.3093,-122.345,2410,8775
2337300370,175000,3,1,1030,8395,1,0,0,4,7,1030,0,1960,0,98023,47.3322,-122.337,1370,9380
3876540630,205500,3,2,1330,8748,1,0,0,3,7,1330,0,1986,0,98003,47.2619,-122.298,1510,8584
626059317,375000,3,1.75,1430,10574,2,0,0,3,7,1430,0,1981,0,98011,47.7668,-122.218,1900,10450
3374500520,355000,0,0,2460,8049,2,0,0,3,8,2460,0,1990,0,98031,47.4095,-122.168,2520,8050
7228501903,250000,1,1,780,1033,1,0,0,3,7,780,0,1922,1985,98122,47.6155,-122.306,1040,1319
4019300051,455000,3,1.75,1760,11371,1,0,0,5,8,1760,0,1959,0,98155,47.7616,-122.273,2220,19884
4232902615,819000,3,1,1300,3600,2,0,0,3,7,1300,0,1900,0,98119,47.6345,-122.366,2510,4800
3546000090,199500,3,1.75,1690,8901,1,0,0,3,7,1690,0,1986,0,98030,47.3546,-122.176,1690,7532
8127700215,862000,4,2.25,2220,4200,1.5,0,0,5,8,1310,910,1932,0,98199,47.6418,-122.394,2020,4940
3438501100,400000,3,1,1240,4000,1.5,0,0,3,8,1240,0,1928,2000,98106,47.5467,-122.359,1200,17707
1769600066,700000,3,3.5,3030,11550,2,0,2,3,8,3030,0,1971,2011,98146,47.5051,-122.381,2340,10560
8146100610,672000,3,1,1220,8573,1,0,0,4,7,1220,0,1954,0,98004,47.6088,-122.193,1390,8573
3052700695,575000,4,2,1650,5000,1,0,0,3,7,1650,0,1955,0,98117,47.6781,-122.374,1690,2276
7954310210,615000,4,2.5,3010,6903,2,0,0,3,9,3010,0,2001,0,98056,47.5213,-122.193,2860,6435
3761700053,2150000,3,2.75,3470,9610,3,1,4,3,11,3470,0,1989,2000,98034,47.7205,-122.26,4130,11875
1320069179,397000,3,2,1710,134489,1,0,2,5,7,1710,0,1952,0,98022,47.2207,-121.984,1700,63823
1331900410,869000,4,3,3740,30884,2,0,0,3,9,3060,680,1988,0,98072,47.7505,-122.117,3240,37031
7303100210,355000,4,2.25,1810,4970,2,0,0,3,7,1810,0,2003,0,98059,47.5003,-122.156,1810,4858
2464400285,575000,3,2.5,1590,2910,2,0,0,3,7,1110,480,1984,0,98115,47.6855,-122.321,1590,3880
6163901150,346000,3,1.75,1590,9636,1.5,0,0,4,6,1590,0,1953,0,98155,47.754,-122.321,1800,9975
8955800045,530000,2,2.25,2080,11285,1,0,0,4,8,1180,900,1954,0,98042,47.3628,-122.147,2590,13048
2314300200,449500,4,3,2580,7299,2,0,0,3,8,2580,0,1998,0,98058,47.4646,-122.15,2250,6165
9528104360,435000,2,1.5,901,1245,3,0,0,3,7,901,0,2001,0,98115,47.6774,-122.325,1138,1137
4177100005,635000,4,2.5,2970,7961,1,0,0,3,8,2020,950,1969,0,98125,47.7118,-122.29,1410,7959
8856960260,332500,3,2.25,1800,10500,2,0,0,3,7,1800,0,1995,0,98038,47.3879,-122.032,1870,8555
1828001220,550000,5,2.75,3000,9473,1,0,0,3,8,1500,1500,1966,0,98052,47.6567,-122.13,2050,8820
3066400710,720000,3,2.5,2520,10012,2,0,0,3,10,2520,0,1987,0,98074,47.6295,-122.051,2680,10071
624110610,1085000,4,3.25,3740,12080,1,0,0,3,10,2000,1740,1988,0,98077,47.7214,-122.056,4210,15277
4040800260,418000,4,1.5,1220,10580,1,0,0,3,7,1220,0,1965,0,98008,47.6205,-122.116,1350,7800
5019500215,495000,2,1.75,1280,4000,1,0,0,4,7,730,550,1929,0,98116,47.5798,-122.383,2250,5382
2481630180,1140000,4,2.25,3310,127631,2,0,0,5,9,3310,0,1924,1956,98072,47.732,-122.134,3830,43959
7203170190,734990,4,2.5,2650,6884,2,0,0,3,8,2650,0,2012,0,98053,47.6901,-122.015,2520,5866
510001280,980000,4,2,2190,4560,2.5,0,0,5,8,2190,0,1910,0,98103,47.662,-122.329,2190,4560
9430110120,737000,3,2.5,2300,7800,2,0,2,3,9,2300,0,1997,0,98052,47.6842,-122.155,2300,8187
1565950030,364950,4,2.5,1930,6957,2,0,0,3,8,1930,0,1995,0,98055,47.4309,-122.191,2090,6996
9828202255,890000,4,2.75,2610,4400,1,0,0,5,8,1260,1350,1920,0,98122,47.6158,-122.293,1770,4400
3878900270,466000,4,2,2240,4508,1,0,2,4,8,1340,900,1926,0,98178,47.5096,-122.25,1930,5250
8091600080,225000,3,1,1120,8407,1,0,0,5,6,1120,0,1987,0,98022,47.2051,-122.006,1250,8658
1112000035,420000,2,1,1000,5375,1,0,0,3,7,1000,0,1953,0,98118,47.5404,-122.268,1380,5000
2228900270,215000,2,1,1010,6000,1,0,0,4,6,1010,0,1944,0,98133,47.771,-122.353,1610,7313
6648701740,270000,5,2.5,2140,10320,1,0,0,4,7,1330,810,1967,0,98031,47.3927,-122.194,2050,8964
1245003740,778000,3,2,1840,6000,2,0,0,5,7,1720,120,1946,0,98033,47.6828,-122.207,1390,6000
2174503441,650000,3,1.5,1380,4500,1,0,0,5,7,1380,0,1960,0,98040,47.5866,-122.25,1590,9000
7708250010,325000,3,2.5,1830,7585,2,0,0,4,8,1830,0,1995,0,98042,47.3893,-122.154,2070,7585
6072300110,550000,3,1.75,1940,8376,1,0,0,4,8,1290,650,1963,0,98006,47.5586,-122.173,2400,8674
2329800140,291000,4,2.5,1580,6633,2,0,0,4,7,1580,0,1984,0,98042,47.3768,-122.118,1590,6633
1494300040,437000,4,2.5,1890,8505,1,0,0,3,8,1290,600,1980,0,98052,47.6796,-122.115,1720,9600
3832050130,255500,3,2.5,1770,5000,2,0,0,3,7,1770,0,2009,0,98042,47.3358,-122.051,2230,5200
7203100730,875000,4,3.5,3790,6874,2.5,0,0,3,9,3790,0,2010,0,98053,47.6956,-122.022,3370,6535
7199330170,450000,3,1.75,1720,6960,1,0,0,3,7,1140,580,1978,0,98052,47.6972,-122.129,1720,7280
7785000220,725000,3,2,1550,12262,1,0,0,4,7,1550,0,1964,0,98040,47.5755,-122.216,2900,12372
1250201175,386500,4,1,1400,3600,1,0,0,4,6,700,700,1901,0,98144,47.5972,-122.295,1690,3600
4054500180,985000,4,3.25,4030,36762,2,0,0,3,11,4030,0,1988,0,98077,47.7235,-122.039,4090,40371
7905200061,419700,3,2.25,1450,1486,2,0,0,3,8,1160,290,2006,0,98116,47.5694,-122.387,1370,1437
3751604895,165000,3,1,1150,19200,1,0,0,4,5,1150,0,1908,0,98001,47.2756,-122.27,1290,19200
5220300140,408000,2,1,810,7440,1,0,0,5,6,810,0,1948,0,98133,47.7346,-122.352,830,7500
3323059027,340000,3,2.75,1720,28000,1,0,0,4,7,1720,0,1958,0,98058,47.4375,-122.176,2000,41817
8651611980,962800,4,2.75,3630,11775,2,0,0,3,10,3630,0,1999,0,98074,47.6378,-122.066,3800,12451
8673400190,557000,3,2.5,1630,1587,3,0,0,3,8,1630,0,2004,0,98107,47.6693,-122.393,1500,1527
1668500100,775000,3,2.5,3820,35016,2,0,0,4,9,3820,0,1987,0,98053,47.6496,-122.041,3010,35190
1023059365,520000,3,2.5,2460,54885,2,0,0,4,8,2460,0,1980,0,98059,47.4996,-122.146,2770,21407
3308030060,385000,3,1.75,2310,11200,1,0,0,4,8,1630,680,1978,0,98030,47.3637,-122.21,2350,13300
4232400860,1200000,4,2,2120,3360,2,0,0,3,9,2120,0,1905,0,98112,47.6227,-122.31,2090,3600
2144800615,190000,1,0.75,930,29258,1,0,0,3,6,930,0,1941,0,98178,47.4837,-122.236,2000,18321
1568100920,1950000,4,2.5,3440,14554,2,1,4,3,8,2170,1270,2012,0,98155,47.7364,-122.286,3170,11810
9406510040,555000,4,2.5,2920,24074,2,0,0,3,9,2920,0,1997,0,98038,47.381,-122.056,2760,26023
2923049421,250000,3,2.25,1920,7738,1,0,0,3,8,1520,400,1965,0,98148,47.4562,-122.33,2170,8452
1051000040,1824100,3,2.25,3330,20053,2,0,0,3,9,3330,0,1968,1998,98004,47.6395,-122.214,2870,20053
2077700042,530000,3,2,2330,26571,2.5,0,0,3,8,2330,0,1987,0,98005,47.6009,-122.158,2030,20037
9423800030,250000,3,1,1100,7470,1,0,0,4,5,1100,0,1917,0,98065,47.5242,-121.831,1280,7055
9818700455,518000,4,2.5,2320,4000,1.5,0,0,5,8,1510,810,1905,0,98122,47.6048,-122.298,1490,4500
7133300675,450000,3,1,1140,4500,1,0,0,3,6,840,300,1907,0,98144,47.5897,-122.314,1150,3000
4113800550,562500,4,2.5,2440,7322,2,0,0,3,9,2440,0,1991,0,98056,47.5357,-122.179,2590,9927
5553300375,2160000,3,3.5,3080,6495,2,0,3,3,11,2530,550,1996,2006,98199,47.6321,-122.393,4120,8620
2025701530,282000,3,2.5,1610,6000,2,0,0,4,7,1610,0,1993,0,98038,47.349,-122.036,1570,6000
7942601155,302282,2,1,1095,5120,1.5,0,0,3,7,1095,0,1901,0,98122,47.6058,-122.313,1310,5120
7524300020,267000,3,2.5,1580,12250,2,0,0,3,8,1580,0,1993,0,98198,47.3771,-122.315,1560,9900
2520069100,275000,4,2,1960,30480,1,0,2,4,7,1060,900,1972,0,98022,47.1924,-121.988,1460,8914
5412300410,248000,3,1,1420,8800,1,0,0,4,6,1090,330,1981,0,98030,47.3746,-122.181,1480,8000
7504110760,750000,4,2.25,3190,11597,2,0,0,3,10,2300,890,1984,0,98074,47.6323,-122.039,2990,10679
2594200350,445000,2,1,910,7200,1,0,1,4,7,830,80,1936,0,98136,47.5145,-122.39,1700,7200
2722059013,550000,2,1,1270,43560,1,0,0,4,5,1270,0,1908,0,98042,47.3651,-122.165,1870,6960
8078430480,545000,4,2.5,2040,7412,2,0,0,3,8,2040,0,1988,0,98074,47.6347,-122.026,2050,7830
1423069162,549000,4,2.25,2740,88426,2,0,0,3,7,2740,0,1991,0,98027,47.4734,-122.006,2740,62726
8856001090,185900,3,1,940,10890,1,0,0,4,5,940,0,1909,0,98001,47.2763,-122.257,1370,10255
7000100631,730000,5,1.75,2690,21357,1,0,0,4,7,1420,1270,1952,0,98004,47.5831,-122.191,2600,17539
4222200280,225000,3,2,1460,7740,1,0,0,3,7,1460,0,1968,0,98003,47.3467,-122.306,1540,7644
7971300050,657500,3,2,2320,10960,1,0,0,3,7,1510,810,1956,0,98005,47.6157,-122.174,2160,10960
2009001600,265000,3,1,1070,9000,1,0,0,4,7,1070,0,1950,0,98198,47.4061,-122.33,1840,12000
6619910140,630000,4,1.75,2950,9025,1,0,2,4,8,1780,1170,1975,0,98034,47.7128,-122.223,2120,9600
2877100985,490000,3,2.25,1470,2500,2,0,0,3,8,1080,390,1984,0,98117,47.6762,-122.36,1640,4300
1196000007,384900,5,2.5,3090,12750,1,0,0,3,8,1750,1340,1968,0,98023,47.3408,-122.335,1760,25919
1330850130,799990,3,2.5,2850,21780,2,0,0,3,10,2850,0,1994,0,98053,47.6455,-122.04,3020,21798
6664900410,252500,3,2,1900,8002,1,0,0,3,7,1900,0,1991,0,98023,47.2909,-122.352,1900,6086
1231001110,380000,3,1,920,3532,1,0,0,3,6,920,0,1910,0,98118,47.5539,-122.268,1250,4000
9235900030,245000,2,1,860,6120,1,0,0,3,7,860,0,1948,0,98155,47.7503,-122.328,1100,6860
9407101840,378000,4,2.5,1890,12236,1,0,0,3,7,1230,660,1978,0,98045,47.4491,-121.78,1390,11360
9523103001,389000,2,1,850,3276,1,0,0,3,6,850,0,1910,0,98103,47.6742,-122.35,1460,4100
2149800278,343000,6,5,2732,7655,2,0,0,3,7,2732,0,2009,0,98002,47.3045,-122.211,3078,69993
7234601198,742000,3,3.25,1540,704,3,0,0,3,9,1540,0,2011,0,98122,47.6177,-122.308,1540,1456
9476700035,400000,4,2,2680,13680,2,0,2,4,7,2350,330,1943,1965,98056,47.4887,-122.192,1430,11000
9297301065,625000,3,1,1800,4800,1,0,2,4,9,900,900,1927,0,98126,47.5672,-122.372,1400,4800
518500700,630000,2,2.25,2550,5663,1,0,0,3,10,1720,830,2011,0,98056,47.5304,-122.202,2560,3828
7843500090,299500,4,2.5,2010,12085,2,0,0,3,8,2010,0,1986,0,98042,47.3406,-122.057,1910,12133
6056110780,229800,2,1.75,1110,1773,2,0,0,3,8,1110,0,2014,0,98108,47.5647,-122.293,1420,2855
2345700260,395000,5,2.5,2820,6305,2,0,0,3,8,2820,0,2003,0,98003,47.2616,-122.296,2610,6306
3509600070,225000,3,1.5,1370,9000,1,0,0,3,7,1370,0,1962,0,98168,47.4973,-122.328,1400,9075
1431700280,310000,5,2,2730,7344,1,0,0,5,7,1510,1220,1962,0,98058,47.4602,-122.171,1730,7700
1623049174,330000,4,3,1920,12040,1,0,0,3,7,1920,0,1962,0,98168,47.4805,-122.301,1530,10230
3024089049,280000,2,1.75,1610,158558,1.5,0,0,2,6,1610,0,1948,0,98065,47.5319,-121.84,1800,3572
7853340450,415000,3,2.75,1770,3172,2,0,0,3,8,1770,0,2009,0,98065,47.5164,-121.878,1760,2891
7732410360,752888,3,2.5,2420,9000,2,0,0,4,9,2420,0,1987,0,98007,47.6599,-122.146,2630,9000
1446800995,300000,3,2.5,2020,6628,1,0,0,4,7,1250,770,1963,0,98168,47.4934,-122.332,1540,9995
2946000285,200000,3,2,1170,10051,1,0,0,4,7,1170,0,1957,0,98198,47.4229,-122.324,1440,9800
425079100,406500,3,2.75,1840,68479,1,0,2,3,8,1340,500,1989,0,98014,47.6802,-121.908,2060,61903
3876313040,468000,4,2.5,2100,8400,1,0,0,4,7,1240,860,1976,0,98072,47.735,-122.17,1980,8610
1762600260,1050000,4,3.25,3440,35021,2,0,0,3,10,3440,0,1983,0,98033,47.6476,-122.184,3440,35021
1925069121,960000,3,2.5,1730,4102,3,1,4,3,8,1730,0,1996,0,98074,47.645,-122.084,2340,16994
7443000480,865000,4,2,2750,5527,2,0,0,3,8,2130,620,1901,1987,98119,47.6513,-122.368,1290,1764
7820000015,395000,3,1.75,1400,8640,1,0,0,3,7,1400,0,1962,0,98011,47.7659,-122.204,1630,8640
4027701253,470000,4,2.5,1990,30083,2,0,0,3,8,1990,0,1998,0,98155,47.7678,-122.272,2220,11627
2826049165,517000,4,1,1180,13500,1.5,0,0,3,7,1180,0,1950,0,98125,47.7165,-122.308,1580,8976
5426300060,1000000,3,2.25,2300,15952,1,0,0,4,8,1150,1150,1963,0,98039,47.6322,-122.232,2200,14284
1278000210,110000,2,1,828,4524,1,0,0,3,6,828,0,1968,2007,98001,47.2655,-122.244,828,5402
923000270,405000,2,1,1020,8155,1,0,0,4,7,1020,0,1948,0,98177,47.7257,-122.361,1430,8157
7657600005,249950,5,2,1730,7375,1,0,0,4,6,1730,0,1944,0,98178,47.4953,-122.238,1550,7125
3024079057,410000,3,1.5,1750,32500,1,0,0,4,7,1750,0,1966,0,98027,47.5316,-121.959,1820,102801
3276180020,385000,4,1.75,1660,10757,1,0,0,3,7,1000,660,1980,0,98056,47.5071,-122.194,1880,8319
7304300760,349000,3,1,1010,8184,1,0,0,4,6,1010,0,1947,0,98155,47.7416,-122.319,1010,8184
3908100020,540000,4,1,1360,5766,1.5,0,0,5,7,1360,0,1951,0,98115,47.6827,-122.289,1500,5704
8835400805,657000,4,1.75,2740,8520,1,0,2,3,8,1370,1370,1954,0,98118,47.5445,-122.263,2740,9286
4051150070,250000,3,1.5,1072,4339,2,0,0,3,7,1072,0,2009,0,98042,47.386,-122.162,1443,4341
3904930530,350000,3,2,1440,5469,1,0,0,3,8,1440,0,1988,0,98029,47.5753,-122.017,1980,6198
6163900971,352450,3,2,1430,6000,1,0,0,5,7,1430,0,1945,0,98155,47.7564,-122.316,1630,6315
7942600310,375000,2,1,940,5120,1,0,0,3,7,940,0,1909,0,98122,47.6073,-122.308,1300,5120
4365700330,275000,2,1.75,930,7080,1,0,0,3,6,930,0,1923,2006,98106,47.5224,-122.36,1100,7680
423059207,322500,3,2,1190,6445,1,0,0,3,7,1190,0,1996,0,98056,47.5057,-122.172,1920,8195
3992700265,385100,3,1,1060,8040,1,0,0,4,6,1060,0,1949,0,98125,47.7121,-122.287,1300,7620
7177300090,395000,3,1.5,1080,2940,1.5,0,0,4,7,1080,0,1920,0,98115,47.6832,-122.304,1400,4930
2540820010,750000,4,2.5,2930,8641,2,0,0,3,8,2930,0,2010,0,98034,47.7199,-122.246,2120,11175
5700002510,1085000,5,2.5,2340,6000,2,0,0,4,10,2340,0,1922,0,98144,47.5764,-122.287,2350,6000
5201000030,597000,4,2.5,2370,41338,2,0,0,3,8,2370,0,1995,0,98077,47.7379,-122.052,2340,46661
7631800015,2510000,3,3.25,5480,57990,2,1,4,3,11,5480,0,1991,0,98166,47.4558,-122.371,2500,22954
2922702965,703300,3,2,1980,3525,1.5,0,0,4,8,1590,390,1932,0,98117,47.6847,-122.368,1760,3760
1525059198,1185000,3,2.25,2760,40946,2,0,0,5,10,2760,0,1978,0,98005,47.6501,-122.164,3030,42253
1245003160,698000,4,2.25,2200,11250,1.5,0,0,5,7,1300,900,1920,0,98033,47.6845,-122.201,2320,10814
3810000455,340000,4,2.25,2060,8400,1,0,0,3,7,1300,760,1960,0,98178,47.4984,-122.23,1990,7383
7855600080,750000,3,1.75,2770,15232,1,0,0,3,8,1570,1200,1976,0,98006,47.5706,-122.16,2340,11400
5701500030,1505000,4,3.5,3480,7232,2,0,0,3,9,2580,900,1926,2010,98144,47.5859,-122.291,2380,5642
7504020400,615000,4,2.25,2360,15860,1,0,0,3,9,2360,0,1977,0,98074,47.6307,-122.051,2650,11798
1402600570,320000,3,2.25,1580,6561,1,0,0,3,8,1200,380,1981,0,98058,47.4394,-122.14,1710,7241
7575610760,290000,3,2.25,1620,7772,2,0,0,4,8,1620,0,1988,0,98003,47.3521,-122.302,1710,6455
8731990370,374950,4,3,2540,8800,1,0,1,3,9,1620,920,1977,0,98023,47.3204,-122.387,2540,8800
5021900090,1100000,5,2.75,2830,18050,1,0,0,5,7,1630,1200,1958,0,98040,47.5773,-122.226,2370,14250
290000075,550000,3,1,1260,6000,1,0,3,3,7,1260,0,1951,0,98146,47.5058,-122.384,2020,6600
2841500010,390000,4,3,2860,5724,1,0,0,3,7,1730,1130,1983,0,98108,47.5427,-122.302,2340,7200
3955900830,467000,3,2.5,3460,6590,2,0,0,3,7,3460,0,2001,0,98056,47.4802,-122.188,2490,6312
7852110140,552250,4,2.5,2580,5823,2,0,0,3,8,2580,0,2002,0,98065,47.5374,-121.875,2380,5823
1311400350,235000,4,1.5,2070,7245,1,0,0,4,7,1060,1010,1964,0,98001,47.3417,-122.281,1450,7350
7773800015,750000,4,2.25,2420,11120,1,0,2,4,8,1620,800,1952,0,98146,47.4954,-122.366,2210,8497
4123400320,627000,4,2.25,1990,7712,1,0,0,3,8,1210,780,1973,0,98027,47.5688,-122.087,1720,7393
2725069157,883000,4,2.5,3670,54450,2,0,0,3,10,3670,0,1999,0,98074,47.6211,-122.016,2900,49658
666000143,785000,3,3,1950,1983,3,0,0,3,9,1610,340,2009,0,98004,47.6078,-122.202,2040,2131
5101408678,457000,2,1.75,2060,7192,1,0,0,3,7,1420,640,1940,0,98125,47.7038,-122.317,1860,7140
6371000026,367500,2,2,1030,600,2,0,0,3,8,680,350,2004,0,98116,47.5788,-122.41,1120,1267
2024059084,625000,4,2.75,2290,21486,1,0,2,5,7,2290,0,1963,0,98006,47.5515,-122.189,2540,15936
7283900036,402500,3,1,990,10752,1.5,0,0,4,7,990,0,1929,0,98133,47.7648,-122.35,1820,7600
8881900230,755000,3,2.75,2870,6600,2,0,2,3,8,2870,0,1984,0,98008,47.5745,-122.113,2570,7925
3959400135,380000,2,1,1210,4800,1,0,0,3,8,1060,150,1950,0,98108,47.5625,-122.316,1380,4800
7696610270,238000,3,1.5,1360,7488,1,0,0,4,7,1050,310,1975,0,98001,47.3314,-122.275,1580,7508
1689400150,848000,3,2.75,2170,2738,1.5,0,0,4,9,1550,620,1930,0,98109,47.6389,-122.349,1170,1062
5103900015,358000,3,1.5,2450,12497,1,0,0,4,7,2450,0,1967,0,98065,47.5317,-121.834,1560,11700
1441000350,440000,4,3.5,3180,4869,2,0,0,3,8,2390,790,2007,0,98055,47.4482,-122.206,2850,4500
5101408735,250000,2,1,800,5220,1,0,0,3,6,800,0,1943,0,98125,47.7037,-122.32,1910,5376
3126059027,2650000,4,3.5,4700,13730,2,0,3,3,11,3500,1200,1958,1995,98033,47.6899,-122.217,3210,15306
2320069014,495000,3,2,2660,192099,1,0,0,4,9,2660,0,1964,0,98022,47.2098,-122.016,2570,43561
9541600015,660000,4,2.25,2010,15375,1,0,0,4,8,2010,0,1957,0,98005,47.5956,-122.174,1930,15375
8682320420,755000,2,2.5,2170,6361,1,0,2,3,8,2170,0,2009,0,98053,47.7109,-122.017,2310,7419
1562200090,600000,4,2.5,2090,7290,1,0,0,5,8,1420,670,1966,0,98007,47.624,-122.142,2110,8436
3395070980,461500,5,3.25,2820,3275,2,0,0,3,8,2230,590,2006,0,98118,47.5339,-122.284,2610,3275
7349600230,275000,3,2.25,1640,6044,2,0,0,3,7,1640,0,1996,0,98002,47.2844,-122.205,1600,7418
522049122,195000,4,1.75,1320,7694,1,0,0,3,7,1320,0,1928,1972,98148,47.4297,-122.325,1620,8468
869700060,315000,3,2.5,1260,2767,2,0,0,3,8,1260,0,1999,0,98059,47.4914,-122.155,1310,2767
811000055,1280000,4,3,3260,4500,2,0,0,3,9,2300,960,1930,2014,98109,47.6314,-122.353,2410,4995
1221059176,353000,4,2.75,2200,268329,1,0,0,3,7,1410,790,1989,0,98092,47.3224,-122.122,2240,58806
1523059103,390000,4,2.5,2570,22215,2,0,0,5,7,2570,0,1958,0,98059,47.4833,-122.157,2460,6533
2025760210,657500,4,2.75,4140,24190,2,0,0,3,11,4140,0,2002,0,98092,47.3062,-122.15,3950,24190
9218400088,495000,5,1,1810,11205,1.5,0,2,3,7,1810,0,1915,0,98178,47.5099,-122.262,1860,7965
8682292020,450000,2,2,1510,4908,1,0,0,3,8,1510,0,2006,0,98053,47.7196,-122.024,1440,3921
2623089135,427000,3,2.5,1830,65340,1,0,0,3,8,1520,310,1991,0,98045,47.4553,-121.75,2100,84942
3758900259,1040000,4,3.5,3900,8391,2,0,0,3,10,3900,0,2006,0,98033,47.6979,-122.205,3820,12268
524069049,700000,3,1.5,1460,78408,1,0,0,4,7,1460,0,1963,0,98075,47.59,-122.058,3320,7787
3121500150,894000,4,2.5,3800,22029,2,0,0,3,9,3800,0,1993,0,98053,47.6734,-122.026,3170,24979
5581400080,770000,4,2.5,3210,14910,2,0,0,3,10,3210,0,1995,0,98074,47.6073,-122.062,3280,14910
8087800020,412500,3,1.5,1490,8475,1,0,0,4,7,1490,0,1963,0,98052,47.6571,-122.133,1490,8540
4070700290,899000,3,2.5,1950,3730,2,0,0,3,9,1950,0,1996,0,98033,47.6731,-122.199,2080,4000
3296000170,555000,5,2.75,2810,13144,1,0,0,3,8,1440,1370,1964,0,98007,47.6199,-122.141,2480,13144
9238500040,400000,3,2.5,2970,23100,1,0,0,3,7,1510,1460,1967,0,98072,47.7735,-122.133,2390,20300
2744600040,330000,3,1.75,1430,8865,1,0,0,3,7,1430,0,1950,0,98125,47.7331,-122.299,1250,8154
6813600380,700000,3,3,2090,7440,1.5,0,0,5,7,1290,800,1922,0,98103,47.6891,-122.331,1570,4960
6140100150,500000,4,2,2280,7200,1,0,0,4,7,2280,0,1956,0,98133,47.7132,-122.355,1100,7620
2201500555,385000,3,1,1420,10980,1,0,0,4,7,1200,220,1954,0,98006,47.574,-122.138,1630,9763
2600110250,840000,4,2.5,2170,9796,1,0,0,4,8,1650,520,1980,0,98006,47.5505,-122.152,2350,9796
4337000275,230500,2,1,740,8853,1,0,0,3,6,740,0,1943,0,98166,47.4793,-122.336,850,8775
1186000150,563250,3,1.75,1370,2800,1,0,0,5,7,800,570,1982,0,98122,47.6157,-122.291,2270,3773
1972201963,523950,3,2.25,1420,1282,3,0,0,3,8,1420,0,2006,0,98103,47.6533,-122.346,1530,1280
1105000745,227064,3,1.5,1570,10824,2,0,0,3,7,1570,0,1908,0,98118,47.54,-122.275,1530,8125
2887700560,616500,3,2,2080,4549,1,0,0,5,7,1040,1040,1954,0,98115,47.6886,-122.309,1620,4549
4039700080,670000,4,1.75,1930,9310,1,0,0,4,9,1930,0,1968,0,98008,47.6158,-122.108,2110,10290
522049104,210000,5,1.75,2340,9148,2,0,0,3,7,2340,0,1957,0,98198,47.4232,-122.324,1390,10019
4202400078,335000,2,1,1410,7000,1,0,0,3,7,1410,0,1968,0,98055,47.4908,-122.223,1540,6000
7520000695,151100,3,1,840,4495,1,0,0,3,6,840,0,1921,0,98146,47.496,-122.349,1260,7434
7714000310,374950,4,2.5,2790,4650,2,0,0,3,8,2790,0,2004,0,98038,47.3557,-122.026,2850,4650
4319200060,840000,3,2,2783,11177,2,0,0,3,8,2783,0,1910,1999,98126,47.538,-122.38,1730,8018
8624700015,640000,4,3,2940,5763,1,0,0,5,8,1640,1300,1955,0,98108,47.5589,-122.295,2020,7320
5104520610,335000,4,2.5,1830,4500,2,0,0,3,7,1830,0,2004,0,98038,47.3504,-122.005,2080,5100
2354300845,210000,3,1,1020,6000,1,0,0,3,5,1020,0,1900,0,98027,47.5281,-122.031,2070,7200
3824100291,452250,4,2.25,2550,10000,1,0,0,4,7,1560,990,1979,0,98028,47.77,-122.259,2440,10000
6151800612,162000,4,1,1460,16638,1,0,0,4,6,1460,0,1975,0,98010,47.3431,-122.048,1460,16638
5454200080,968000,4,1.75,2630,9645,1,0,0,4,9,2630,0,1963,0,98040,47.5459,-122.228,2690,10439
6413600290,252500,3,1,1030,6127,1,0,0,3,7,880,150,1947,0,98125,47.7192,-122.32,1610,6127
2131200065,265800,3,1.75,1460,7361,1,0,0,3,6,1460,0,1982,0,98019,47.7436,-121.979,1460,7505
1459920010,300000,3,2,1451,7159,1,0,0,3,7,1451,0,2010,0,98042,47.3754,-122.163,2303,6126
50300090,398950,4,3,3000,10297,2,0,0,3,8,3000,0,2003,0,98042,47.3684,-122.073,2520,8366
2326300090,865000,3,1.75,2090,4725,2,0,0,3,7,1610,480,1947,2013,98199,47.657,-122.394,1280,4725
7714000070,378000,4,2.5,2790,4650,2,0,0,3,8,2790,0,2004,0,98038,47.3556,-122.026,2820,4650
3630180500,1150000,5,3.5,4350,6218,2,0,2,3,10,3520,830,2007,0,98027,47.5396,-121.997,3260,5989
1727850340,1272000,4,2.75,3200,13729,2,0,0,3,11,3200,0,1984,0,98005,47.6402,-122.171,4050,16921
8691430330,890000,5,3.25,4100,7578,2,0,2,3,10,4100,0,2011,0,98075,47.5955,-121.974,3710,8156
2310030390,275000,3,1.75,1180,6260,1,0,0,4,8,1180,0,1993,0,98038,47.3531,-122.048,1580,7272
5561400610,542500,5,3.5,2730,42500,1,0,0,3,8,1530,1200,1989,0,98027,47.4587,-121.996,3180,37970
7010701016,411000,1,1,1080,5000,1.5,0,0,3,7,1080,0,1948,0,98199,47.6603,-122.394,1620,4000
7883605915,337500,3,1,1020,6000,1.5,0,0,3,7,1020,0,1900,0,98108,47.5254,-122.318,1240,6000
1282300995,365000,3,2.25,1310,915,2,0,0,3,7,1060,250,2007,0,98144,47.5738,-122.293,1500,1215
4040700310,416000,4,1.75,1980,7840,1,0,0,4,7,990,990,1961,0,98008,47.6226,-122.115,1520,8400
3353400435,230000,3,2,1450,11204,1,0,0,3,7,1450,0,2003,0,98001,47.2639,-122.252,1520,9518
2143701015,290500,4,3.25,2510,7686,2,0,0,3,9,2510,0,2003,0,98055,47.4785,-122.228,2510,6732
255450020,367899,3,2.5,2420,4725,2,0,0,3,8,2420,0,2014,0,98038,47.371,-122.018,2370,4200
1020069017,700000,4,1,1300,1651359,1,0,3,4,6,1300,0,1920,0,98022,47.2313,-122.023,2560,425581
4038200120,534000,5,1.75,2120,8625,1,0,0,3,7,1200,920,1959,0,98008,47.6118,-122.131,1930,8625
9284801100,317000,3,1.5,1060,5750,1,0,0,2,7,1060,0,1981,0,98126,47.5532,-122.372,1060,5750
1965200075,845000,3,1.75,1600,2538,2,0,0,3,7,1600,0,1929,0,98102,47.6447,-122.327,1660,1750
847100047,579000,4,2.75,3220,9825,2,0,0,3,8,3220,0,2012,0,98059,47.4863,-122.143,2820,8566
4038700720,525126,5,2.25,1950,8025,1,0,2,3,7,1150,800,1960,0,98008,47.6159,-122.114,1780,8560
6815100085,1001000,4,2,3100,8000,1.5,0,0,5,7,2040,1060,1939,0,98103,47.6852,-122.329,1650,4000
2508000020,250000,2,1,750,6350,1,0,0,3,5,750,0,1920,0,98103,47.6938,-122.356,920,6350
255520180,565000,3,2.5,4040,8653,2,0,0,3,9,2900,1140,2006,0,98019,47.7378,-121.975,3360,8653
6822100750,700000,3,1.75,1500,6000,1,0,0,5,7,850,650,1940,0,98199,47.6474,-122.402,1700,6000
869700050,316000,3,2.5,1490,4078,2,0,0,3,8,1490,0,1998,0,98059,47.4915,-122.155,1310,2767
1775801405,557500,4,2.5,2390,38258,2,0,0,3,8,2390,0,2001,0,98072,47.7433,-122.094,1960,17113
6600400090,207500,3,1,1640,9750,1,0,0,3,7,1640,0,1968,0,98042,47.3256,-122.141,1200,9750
7202330270,465000,3,2.5,1440,4473,2,0,0,3,7,1440,0,2003,0,98053,47.6825,-122.036,1650,3322
1683400165,853800,7,4,2960,2665,2,0,0,3,9,1950,1010,1927,2013,98144,47.5835,-122.313,1970,4410
2625069070,1385000,4,3.25,4860,181319,2.5,0,0,3,9,4860,0,1993,0,98074,47.6179,-122.005,3850,181319
7625702440,469000,3,1.75,1480,800,2,0,0,3,8,1000,480,2014,0,98136,47.5493,-122.387,1480,1143
3388000640,220000,3,1.5,1280,7742,1,0,0,4,7,1280,0,1962,0,98031,47.3947,-122.197,1450,8316
1899400365,332000,3,2,1510,7884,1,0,0,3,6,1510,0,1942,2014,98166,47.4683,-122.348,1050,7620
6899990200,720000,4,3,3550,12327,1.5,0,0,4,10,2180,1370,1990,0,98011,47.7533,-122.205,3170,12937
5569700020,795000,4,2.5,3230,19193,1,0,3,4,8,2000,1230,1973,0,98075,47.5755,-122.07,3230,13420
986000045,240000,4,1.75,2020,10332,1,0,0,3,7,1010,1010,1954,0,98168,47.5059,-122.303,2240,8379
3293700221,280000,3,1,1260,7660,1,0,0,3,6,1260,0,1947,0,98133,47.7476,-122.35,1990,7861
3764800250,330000,4,2,1180,7275,1,0,0,3,7,1180,0,1965,0,98034,47.7301,-122.2,1210,7275
2291400566,375000,4,1,1450,6820,1.5,0,0,3,6,1450,0,1947,0,98133,47.7061,-122.347,1450,6820
4219401236,1690000,3,1.75,3400,8965,1,0,2,5,9,1820,1580,1957,0,98105,47.6569,-122.273,3200,8500
4239400840,152500,3,1,1090,3523,1,0,0,4,6,1090,0,1969,0,98092,47.3161,-122.182,1030,3200
7211400990,256000,2,1,860,5000,1,0,0,3,6,860,0,1915,1945,98146,47.5133,-122.356,1220,5000
7696500280,182500,3,1,910,7194,1,0,0,4,7,910,0,1971,0,98001,47.3337,-122.275,1530,7200
7215721070,485500,4,2.5,1800,4500,2,0,0,3,8,1800,0,1999,0,98075,47.5998,-122.014,1800,4500
3204850140,362000,5,2.5,2880,8216,2,0,0,3,8,2880,0,2001,0,98030,47.3747,-122.185,1960,7200
4322200220,675000,3,2.75,3370,5350,1.5,0,1,4,7,2310,1060,1910,0,98136,47.5373,-122.39,1720,5618
2566300100,1388000,5,1.75,2650,11340,1,0,0,3,8,2650,0,1955,0,98004,47.626,-122.213,2780,13204
1944900090,462000,5,1.75,1250,10530,1,0,0,4,7,1250,0,1966,0,98007,47.6101,-122.138,1560,8190
6648500390,219000,3,2.25,1940,6500,1,0,0,3,8,1440,500,1979,0,98042,47.3565,-122.149,1880,8991
7385300020,725000,5,2.5,3210,12000,1,0,0,4,8,1830,1380,1968,0,98007,47.6205,-122.148,2450,12000
1704900135,315000,2,1,840,5087,1,0,0,3,7,840,0,1925,0,98118,47.5557,-122.278,1590,5087
2877100655,695000,4,2.25,2360,2500,2,0,3,3,8,1520,840,2001,0,98117,47.6771,-122.358,1810,3900
2726079098,560000,3,2.5,2840,216493,2,0,0,3,9,2840,0,1991,0,98014,47.702,-121.892,2820,175111
7625703800,560000,3,2,1300,6000,1,0,0,5,7,1300,0,1943,0,98136,47.5482,-122.392,1230,6000
318300040,649000,5,3.25,3990,13087,2,0,0,3,9,2400,1590,1991,0,98042,47.3632,-122.061,2580,13633
7922800190,620000,5,1.75,2000,8713,1,0,2,3,7,1000,1000,1962,0,98008,47.5882,-122.117,2040,8449
2023049361,246500,2,1,940,6000,1,0,0,2,7,940,0,1954,0,98148,47.4631,-122.329,1890,8547
8946400210,548000,3,2.5,2110,4099,2,0,0,3,8,2110,0,2001,0,98072,47.7508,-122.17,2110,4871
6071600450,496600,4,2.25,2020,8400,1,0,0,4,8,1350,670,1961,0,98006,47.5488,-122.171,2060,8400
4343800100,315000,3,1.75,1680,7250,1,0,0,3,7,930,750,1952,0,98133,47.7201,-122.35,1340,7250
1443300140,330000,3,2.25,2300,35287,2,0,0,3,8,2300,0,1977,0,98022,47.2477,-121.937,1760,47916
1024039001,1000000,4,2.75,3090,16538,3,0,0,4,8,2590,500,1919,1987,98116,47.5803,-122.403,1500,5130
2767704860,650000,3,1.75,1550,5000,1,0,0,3,7,1250,300,1911,2011,98107,47.6722,-122.372,1110,5000
7234600851,589000,4,1,2210,4366,2,0,0,3,8,2210,0,1901,0,98122,47.6105,-122.309,1740,1745
644200065,1030000,4,2.5,2620,11200,1,0,0,4,8,1770,850,1962,0,98004,47.5876,-122.193,2360,11200
7784400035,802000,2,1.75,2110,8700,1,0,4,4,9,1760,350,1960,0,98146,47.4912,-122.365,2120,9500
3826000560,173000,2,1,1740,8100,1,0,0,3,6,1050,690,1947,0,98168,47.4942,-122.304,960,8100
9272202260,130000,3,1,1200,7000,2,0,0,1,7,1200,0,1908,0,98116,47.5883,-122.384,3290,6000
263000253,380000,3,2.25,1550,1485,3,0,0,3,8,1550,0,2011,0,98103,47.6989,-122.346,1550,1480
3621059043,293000,4,2.5,3250,235063,1,0,2,3,9,3250,0,1973,0,98092,47.2582,-122.113,1600,44287
240000130,706000,4,2.5,3280,16575,1,0,0,3,9,2190,1090,1972,0,98188,47.426,-122.285,1570,13209
1352300120,262000,2,1,1500,4120,1.5,0,0,3,5,880,620,1928,0,98055,47.4857,-122.2,1300,4120
7849200861,281000,3,1,1300,5782,1,0,0,4,6,1300,0,1959,0,98065,47.524,-121.821,1020,7200
2487700130,710000,4,2.5,2720,8000,1,0,0,4,7,1360,1360,1955,0,98136,47.5237,-122.391,1790,8000
1796100140,170000,3,1.5,1350,81549,1,0,0,2,7,1350,0,1966,0,98092,47.3099,-122.09,2220,93825
7234601221,687500,3,1.5,1280,2114,1.5,0,0,3,8,1280,0,1904,0,98122,47.6174,-122.308,1540,1456
8651710190,502000,4,2.25,2140,10943,1,0,0,3,7,1550,590,1977,0,98034,47.7271,-122.215,2350,9000
2916200091,734000,4,2.5,2180,7204,2,0,0,3,8,2180,0,2014,0,98133,47.7221,-122.352,1500,7650
1232000915,481450,3,2,1410,4800,1,0,0,3,7,1410,0,1940,0,98117,47.6852,-122.378,1190,3840
1545801970,250000,3,2,1900,6660,1,0,0,5,7,950,950,1966,0,98038,47.3594,-122.054,1690,8111
3211200420,300000,3,1,910,7700,1,0,0,4,7,910,0,1971,0,98034,47.7303,-122.238,1250,7700
7686204675,248000,4,1,1010,7515,1,0,0,4,6,1010,0,1955,0,98198,47.4174,-122.316,1330,7515
3141600210,186000,3,2,1340,4320,1,0,0,3,5,920,420,1912,1993,98002,47.299,-122.228,980,6480
3959401284,440000,3,1.5,2120,6290,1,0,0,4,8,1220,900,1949,0,98108,47.5658,-122.318,1620,5400
2113700825,172000,3,1,970,4700,1,0,0,4,6,720,250,1943,0,98106,47.5285,-122.354,1560,4600
3876000710,405000,3,2,1440,7425,1,0,0,4,7,1440,0,1965,0,98034,47.7243,-122.185,1800,8344
522069022,599000,5,2.5,2950,72309,2,0,0,3,8,2950,0,2006,0,98058,47.4186,-122.079,1480,56192
3214200070,457500,3,1,1210,7636,1,0,0,4,7,1210,0,1952,0,98118,47.5377,-122.266,1530,5900
1221039156,275000,4,2.5,2180,11132,1,0,0,4,8,1620,560,1978,0,98023,47.3187,-122.367,1950,13801
259600790,500000,3,1.75,1220,7370,1,0,0,4,7,1220,0,1964,0,98008,47.6334,-122.12,1580,8213
785000040,472500,4,1.75,1440,8536,1,0,0,4,7,1440,0,1961,0,98033,47.6775,-122.18,1720,9748
8138870470,494815,3,2.5,1910,2091,2,0,0,3,8,1910,0,2014,0,98029,47.5445,-122.013,1630,1546
2596300035,342000,4,1,1390,9023,1.5,0,0,3,7,1390,0,1955,0,98155,47.7754,-122.296,1760,9023
540100057,1208000,4,3.75,3250,10949,2,0,0,4,9,2940,310,1930,1989,98004,47.639,-122.219,2340,15234
3073500045,492000,4,2.5,3305,16164,1.5,0,0,5,7,2245,1060,1922,1956,98133,47.7563,-122.338,1620,8883
5363200266,420000,3,2,1200,5029,1,0,0,3,6,880,320,1937,0,98115,47.6936,-122.294,1510,5854
8682261650,554000,2,2,1670,4996,1,0,0,3,8,1670,0,2004,0,98053,47.7141,-122.031,1670,4996
3224510080,805000,4,3,3350,23781,1,0,0,4,9,2020,1330,1979,0,98006,47.56,-122.132,2870,12036
3211270160,485000,4,2.5,2470,35073,2,0,0,3,9,2470,0,1989,0,98092,47.3064,-122.108,2990,35259
9269200520,310000,1,1,670,4920,1,0,0,3,5,670,0,1920,0,98126,47.5342,-122.373,1050,4920
293810190,456500,4,2.5,2400,6811,2,0,0,3,8,2400,0,2007,0,98059,47.4959,-122.15,2710,5314
4197400043,330000,3,1.5,1690,10250,1,0,0,4,7,1690,0,1955,0,98166,47.4531,-122.344,1990,11084
3026079031,211000,3,1,1410,47916,1,0,0,3,7,1410,0,1981,0,98019,47.7149,-121.96,1810,215622
5332200405,965000,4,2.5,2460,5000,2,0,0,5,8,1620,840,1938,0,98112,47.6282,-122.293,2320,5000
2473411210,374950,4,1.75,1660,8160,1,0,0,3,8,1660,0,1974,0,98058,47.4483,-122.129,1800,7684
9268200315,456000,3,2,1870,8442,1.5,0,0,5,7,1060,810,1927,0,98117,47.6964,-122.365,1640,6174
8123500050,599000,5,2.75,2730,22572,1,0,0,3,7,2080,650,1968,1992,98075,47.5951,-122.037,2260,15458
3221069091,500000,3,2.5,2110,208737,2,0,3,3,9,2110,0,1977,0,98092,47.2674,-122.072,2390,125017
2485000165,740000,4,2.5,2300,9900,1,0,2,3,8,1600,700,1961,0,98136,47.5256,-122.385,2510,7500
4058800215,430000,3,3.75,3890,7140,1,0,2,3,8,2390,1500,1943,2007,98178,47.5073,-122.239,1820,7320
1926059039,799950,4,2.5,3320,7429,2,0,0,3,9,3320,0,2014,0,98034,47.7189,-122.225,1840,7429
2533300680,1225000,3,2.5,2860,4500,2,0,2,3,8,1980,880,1915,0,98119,47.6463,-122.371,2310,4500
3343903640,249000,3,1.75,1400,5648,1.5,0,0,5,6,1400,0,1917,0,98056,47.5133,-122.196,2320,9420
5700003705,930000,5,2,3530,9385,1.5,0,0,3,9,3530,0,1925,0,98144,47.5774,-122.285,4100,9203
2023049372,339950,4,2.25,2670,9040,1,0,0,3,8,2170,500,1955,0,98148,47.4666,-122.326,1880,2648
4058800830,612000,6,3,3840,14040,1.5,0,3,3,8,2460,1380,1949,0,98178,47.506,-122.241,2170,6765
3333002302,428000,4,2.5,1950,5602,1,0,0,5,7,1120,830,1966,0,98118,47.5437,-122.291,2000,6050
2944500340,315000,4,2.75,2200,8580,1,0,0,3,8,1860,340,1991,0,98023,47.295,-122.37,2290,7816
1982200790,550000,3,2,1490,3880,1,0,0,3,7,1490,0,1959,0,98107,47.662,-122.363,1490,3880
8929000270,453246,3,2.5,2010,2287,2,0,0,3,8,1390,620,2014,0,98029,47.5517,-121.998,1690,1662
8122101440,325000,2,1,800,7260,1,0,0,3,7,800,0,1953,0,98126,47.5359,-122.367,1010,7440
7525530470,810000,3,2.5,3140,10983,2,0,0,3,10,3140,0,1991,0,98075,47.5595,-122.04,3140,10983
9332800020,745000,4,2.25,2290,10409,2,0,0,3,8,2290,0,1972,0,98005,47.6351,-122.168,2040,10409
3878900525,329000,3,1,1200,5650,1.5,0,0,3,7,1200,0,1928,0,98178,47.5065,-122.249,1610,5650
5420300210,258000,3,1.75,2090,7461,1,0,0,3,6,1200,890,1986,0,98030,47.3764,-122.184,1420,7462
9232900165,418500,2,1,790,5800,1,0,0,3,6,790,0,1943,0,98117,47.6973,-122.36,1460,5800
6414100026,320000,2,1,1802,11225,1,0,0,3,7,1802,0,1961,0,98125,47.7205,-122.323,1810,7332
3013300660,550000,3,2.25,2090,8095,2,0,2,3,10,2090,0,1988,0,98136,47.5287,-122.385,1940,5635
7954300120,600000,4,2.5,2600,6536,2,0,0,3,9,2600,0,1999,0,98056,47.5232,-122.191,2640,6185
1081200360,260000,3,1.75,1750,11180,1,0,0,3,8,1750,0,1968,0,98059,47.4713,-122.117,1730,11180
2877102345,511718,2,1.75,1700,5000,1,0,0,3,6,850,850,1915,0,98117,47.6787,-122.363,1690,5000
2202500255,335000,3,2,1210,9926,1,0,0,4,7,1210,0,1954,2015,98006,47.5731,-122.135,1690,9737
7984400050,207000,3,1.5,1460,11100,1,0,0,3,7,1460,0,1956,0,98003,47.3253,-122.298,1460,11100
9558020380,525000,4,2.5,2840,4750,2,0,0,3,9,2840,0,2002,0,98058,47.4511,-122.121,2460,4750
7812801850,194000,3,1,1180,6050,1,0,0,3,6,820,360,1944,0,98178,47.4945,-122.249,1070,6050
8944460020,340000,4,2.5,2665,5868,2,0,0,3,9,2665,0,2006,0,98030,47.3831,-122.185,2665,6092
2306400040,604000,3,2,1560,2589,1,0,0,3,7,790,770,1923,2001,98103,47.6587,-122.344,1450,3893
8649400410,375000,3,1.75,2140,13598,1.5,0,0,4,7,1620,520,1970,0,98014,47.7139,-121.321,930,10150
7889602020,240000,3,1,1280,9000,1.5,0,0,4,6,1280,0,1954,0,98146,47.4915,-122.338,1430,4500
2041000025,474000,2,1,1090,3160,1,0,0,3,7,840,250,1926,0,98109,47.6385,-122.344,1070,3160
871001484,719000,3,1.75,1800,5816,1,0,0,5,7,900,900,1947,0,98199,47.6529,-122.407,1650,5816
2767602141,525000,3,1.5,1380,4290,1,0,0,3,7,1080,300,1955,0,98107,47.674,-122.379,1510,3900
3630180470,800000,4,2.75,3250,5500,2,0,0,3,9,3250,0,2007,0,98027,47.5398,-121.997,3920,6000
2769602140,499950,3,2,1360,2500,1,0,0,3,7,730,630,1986,0,98107,47.6753,-122.363,1630,5000
2473250280,265000,4,2.25,2300,9100,1,0,0,3,7,1280,1020,1977,0,98058,47.4576,-122.16,1640,9100
5422560660,407000,2,2.5,1700,6635,2,0,0,4,8,1700,0,1976,0,98052,47.6655,-122.13,1700,6635
3756600240,379000,3,1,1140,10320,1,0,0,4,7,1140,0,1963,0,98034,47.7168,-122.196,1140,10412
8651600160,799000,4,2.25,2510,11585,2,0,0,4,8,2510,0,1969,0,98040,47.5483,-122.226,2450,9691
7202300540,825000,4,2.75,3990,6637,2,0,0,3,9,3990,0,2003,0,98053,47.6835,-122.045,3500,7074
8961950250,384000,5,2.75,3220,8160,2,0,0,3,9,3220,0,1999,0,98001,47.3154,-122.254,2876,11521
3303000130,520000,3,2.25,1770,7667,1,0,0,3,8,1270,500,1966,0,98177,47.7724,-122.362,2180,8103
798000062,286000,3,1.75,1770,9000,1,0,0,3,7,1090,680,1954,0,98168,47.4997,-122.326,1520,21141
1695900150,700000,2,1.75,2320,5500,1.5,0,2,3,8,1720,600,1925,2000,98144,47.586,-122.292,2380,5000
1604730150,639983,5,3,2800,5700,2,0,0,3,8,2800,0,2014,0,98059,47.4969,-122.145,2910,5349
4136930310,360000,4,2.5,2390,7115,2,0,0,3,9,2390,0,1999,0,98092,47.2593,-122.222,2600,7916
8835401250,1485000,6,2.75,4430,6440,2,0,3,3,10,2680,1750,1964,2015,98118,47.5462,-122.265,3530,7314
8665900328,459000,4,3,1900,9077,2,0,0,3,7,1900,0,1954,2015,98155,47.7684,-122.304,1900,12868
9262800255,280000,2,1.75,1894,52769,1.5,0,0,4,6,1520,374,1936,0,98001,47.3088,-122.273,1820,50529
1853080570,859900,4,2.75,3390,6298,2,0,0,3,9,3390,0,2011,0,98074,47.5906,-122.062,3390,7111
5556300114,1320000,3,1.75,2040,42693,1,0,2,3,10,2040,0,1980,0,98052,47.6479,-122.12,2640,11957
9517200290,482000,3,1.75,2300,16474,1,0,0,3,7,1220,1080,1984,0,98072,47.7609,-122.144,1940,15601
4037200295,525000,3,1.75,1520,8835,1,0,0,4,7,1520,0,1957,0,98008,47.6054,-122.118,1760,8580
7417100123,365000,3,2.25,1800,9010,1,0,0,3,7,1300,500,1975,0,98155,47.7722,-122.312,1950,10240
2620069077,215000,3,1,880,7648,1,0,2,4,6,880,0,1940,0,98022,47.1963,-121.997,1020,7566
7922720040,680000,4,2.5,2880,9202,1,0,0,3,8,1780,1100,1977,0,98052,47.6658,-122.139,2500,10265
558100090,628000,5,2.75,2600,8160,2,0,0,3,8,2600,0,2015,0,98133,47.7348,-122.34,1600,8160
257000037,200000,3,1,2120,31564,1,0,0,3,7,1220,900,1942,0,98168,47.4938,-122.298,1790,11571
3319500385,400000,4,1.75,1580,5340,1,0,0,3,7,1130,450,1947,0,98144,47.6003,-122.306,830,980
9297301520,410000,2,1.75,870,4000,1,0,0,3,6,870,0,1941,0,98126,47.5657,-122.376,1420,4000
3580900090,300000,3,2,1310,9855,1,0,0,3,7,1310,0,1962,0,98034,47.7296,-122.241,1310,8370
1321039076,209950,3,1,970,9583,1,0,0,4,6,970,0,1967,0,98023,47.3044,-122.366,970,7875
7227801581,305450,3,2.5,1600,3573,2,0,0,3,7,1600,0,2013,0,98056,47.507,-122.181,1500,11089
9407001620,280000,3,2.5,1370,22326,2,0,0,3,7,1370,0,1993,0,98045,47.4469,-121.775,1580,10920
2130400150,340000,3,1.75,1210,9635,1,0,0,4,7,1210,0,1987,0,98019,47.7382,-121.98,1550,10707
2312400200,247000,3,2.5,1510,10875,1,0,0,3,7,1150,360,1990,0,98003,47.3482,-122.3,1810,9916
4046700210,345000,3,2,1610,15005,1,0,0,4,7,1610,0,1986,0,98014,47.6886,-121.911,1610,15479
1193000480,784000,4,2.75,3540,7091,1.5,0,1,4,8,1970,1570,1947,0,98199,47.6467,-122.394,2200,6000
1492800296,575000,3,1.75,1530,6743,1,0,0,3,7,1410,120,1955,0,98116,47.5745,-122.396,2040,6000
3013300017,535000,3,1,1290,6859,1,0,0,4,7,1290,0,1941,0,98136,47.5317,-122.387,1560,6369
3630240140,585000,4,3,2110,1286,2,0,0,3,9,1710,400,2007,0,98029,47.5444,-122.014,2000,1286
1049010390,505000,3,2,1260,5460,1,0,0,3,7,1260,0,1972,0,98034,47.7355,-122.18,1510,5460
9320900420,89000,3,1,900,4750,1,0,0,4,6,900,0,1969,0,98023,47.3026,-122.363,900,3404
4315700060,378000,2,2,1300,3850,1,0,0,3,7,800,500,1963,0,98136,47.5395,-122.39,950,5500
2591010290,285000,1,1.5,810,3211,2,0,0,4,7,810,0,1982,0,98033,47.6939,-122.184,1320,3298
323089085,850000,3,2,2740,101930,1,0,2,3,9,2740,0,1999,0,98045,47.5056,-121.77,2140,83635
6600400270,202000,3,1,1010,9750,1,0,0,5,7,1010,0,1969,0,98042,47.3244,-122.144,1230,9750
2919701105,422000,2,1.75,1320,2609,1,0,0,4,7,920,400,1938,0,98117,47.6878,-122.366,1200,4220
7202360670,889000,4,3.5,3920,9555,2,0,0,3,9,3920,0,2004,0,98053,47.6797,-122.025,3920,8598
8927600100,925000,3,2.5,2690,7000,2,0,0,5,7,1840,850,1943,0,98115,47.6784,-122.277,1800,6435
3211700045,592000,4,2.5,2300,11165,2,0,0,4,8,2300,0,1979,0,98008,47.5794,-122.118,2170,11165
4027701326,470000,4,2.25,2380,17199,2,0,0,3,8,1530,850,1979,0,98028,47.7668,-122.27,2280,11529
1601600195,299000,3,1,1510,6200,1,0,0,3,6,1010,500,1955,0,98118,47.5293,-122.274,1710,8623
7853280350,809000,5,4.5,4630,6324,2,0,0,3,9,3210,1420,2006,0,98065,47.5382,-121.86,4420,6790
3629970130,735000,3,2.5,2820,8159,2,0,0,3,9,2820,0,2004,0,98029,47.5527,-121.992,2910,5000
7203120020,785000,4,3.5,3310,4850,2,0,0,3,9,3310,0,2010,0,98053,47.6954,-122.022,3320,5955
9542900190,370000,4,1.5,1370,9957,1,0,0,3,7,900,470,1972,0,98034,47.7237,-122.181,1510,8088
8035350120,515000,3,2.5,3020,12184,2,0,0,3,8,3020,0,2003,0,98019,47.744,-121.976,2980,10029
1238501184,999000,4,2.5,3130,10849,2,0,0,3,10,3130,0,2013,0,98033,47.6828,-122.186,2470,9131
251200240,491500,4,2.75,2100,7236,1,0,0,3,8,1400,700,1979,0,98034,47.7267,-122.232,1900,7519
8945300200,207500,3,1,1170,8816,1,0,0,4,6,1170,0,1966,0,98023,47.3059,-122.368,1200,9108
2162000160,992000,3,2.25,2950,15207,1,0,0,4,10,2070,880,1966,0,98040,47.5571,-122.216,2950,22000
5466310060,139500,2,1.5,1230,1561,2,0,0,3,7,1230,0,1983,0,98042,47.3768,-122.149,1660,2243
1239400064,895000,4,2.5,2850,8526,2,0,0,3,9,2850,0,1998,0,98033,47.6747,-122.191,2440,7072
5205000020,360000,4,2.5,2610,7333,2,0,0,3,8,2610,0,1988,0,98003,47.2721,-122.293,2280,9033
1720800305,611900,1,2.25,1220,2100,2,0,2,4,8,1220,0,1946,1979,98033,47.6703,-122.204,3150,6000
7280300375,536000,5,2.25,2650,9140,1,0,1,3,8,1350,1300,1965,0,98177,47.7772,-122.387,2700,7800
2095800400,455000,3,2.5,2090,8653,2,0,0,3,8,2090,0,1989,0,98011,47.7498,-122.184,2090,6396
7852010950,543500,4,2.5,2550,5835,2,0,0,3,8,2550,0,1998,0,98065,47.5373,-121.87,2420,5817
1428001160,550000,3,1.75,1890,100623,1,0,3,3,8,1890,0,1978,0,98053,47.6454,-121.978,2110,50529
9528104910,796000,4,3.25,2110,3000,2,0,0,3,8,2110,0,2001,0,98115,47.6769,-122.328,1780,4000
8644210470,845000,4,3.5,3350,19487,1,0,0,3,11,2460,890,1992,0,98075,47.5796,-121.998,3360,19460
7923300310,495000,4,2.25,1940,9144,1,0,0,4,7,1430,510,1956,0,98007,47.5942,-122.135,1460,9437
254000100,665900,4,2.25,2870,5453,2,0,1,4,8,2220,650,1926,0,98146,47.5129,-122.388,1660,4800
1931300688,533000,3,3,1280,1085,3,0,0,3,8,1280,0,2004,0,98103,47.6569,-122.346,1300,1310
7007700030,400000,3,1,1050,6000,1,0,0,3,7,1050,0,1952,0,98116,47.5709,-122.401,1720,6000
422049178,147200,3,1,1420,9600,1,0,0,4,6,1420,0,1954,0,98188,47.4232,-122.292,1400,8415
422069067,276500,4,2.25,2380,128937,1,0,0,4,7,2380,0,1960,0,98038,47.4253,-122.043,1030,114998
2923049393,278000,4,2.25,2400,7738,1.5,0,0,3,8,2400,0,1964,0,98148,47.4562,-122.33,2170,8452
930000305,379400,4,1.75,2120,7680,1,0,0,4,7,1060,1060,1950,0,98177,47.7172,-122.361,1530,7680
2461900448,435000,3,2,1980,2674,3,0,0,3,8,1980,0,2007,0,98136,47.5524,-122.382,1440,2674
2610100020,290000,4,1,1010,7200,1.5,0,0,3,6,1010,0,1947,0,98155,47.742,-122.325,1360,7200
2895550050,280000,3,2.5,1550,4486,2,0,0,3,7,1550,0,2000,0,98001,47.3299,-122.269,1700,4487
7701700040,320000,3,1.75,1510,30185,1.5,0,0,3,7,1510,0,1976,0,98058,47.4118,-122.089,1470,12465
2460900020,595000,3,1,1560,3960,1.5,0,0,4,7,1560,0,1907,0,98144,47.5936,-122.301,1280,3960
9827700105,549000,3,2,2330,3600,1.5,0,0,4,7,1580,750,1900,0,98122,47.6025,-122.303,1750,3600
1005000240,395000,2,1,1200,6014,1,0,0,4,6,600,600,1949,0,98118,47.5357,-122.28,1270,4652
7200001254,550000,4,1.75,2150,9000,1,0,0,4,7,1110,1040,1966,0,98052,47.6812,-122.113,2040,9000
866400040,540000,5,3,2570,5590,1,0,0,3,8,1580,990,2009,0,98034,47.7271,-122.228,2020,10500
305000170,659000,3,2.5,2510,6320,2,0,0,3,9,2510,0,1996,0,98075,47.5868,-122.033,2518,5819
2260800110,777000,3,3.25,3610,59677,2,0,0,3,10,2440,1170,2003,0,98027,47.5464,-122.088,3130,65775
3442000127,685000,4,2.5,2310,5100,2,0,0,3,9,2310,0,2013,0,98177,47.7039,-122.36,1260,5100
5253300437,442500,4,2.5,2400,7092,2,0,0,3,7,2400,0,1997,0,98133,47.7522,-122.338,2350,8310
7576700150,1325000,3,2.25,2360,5504,2,0,0,4,8,2080,280,1913,0,98122,47.617,-122.288,2840,5470
5469501410,490000,4,2.5,3480,12696,1,0,0,4,9,1980,1500,1977,0,98042,47.3816,-122.153,3480,14175
5104531120,775000,5,2.75,3750,12077,2,0,4,3,10,3750,0,2005,0,98038,47.3525,-122.002,3120,7255
723049434,369950,3,2.5,1930,8254,2,0,0,3,7,1930,0,2014,0,98146,47.4973,-122.346,1540,8849
622069006,1500000,4,5.5,6550,217374,1,0,0,3,11,5400,1150,2006,0,98058,47.4302,-122.095,4110,50378
2517101200,300000,4,2.5,2090,5195,2,0,0,3,7,2090,0,2007,0,98031,47.3986,-122.166,2090,5236
8159620160,284200,3,2.5,1570,9292,1,0,0,3,7,1110,460,1977,0,98001,47.3386,-122.272,1470,9222
5561300640,532000,3,2.25,1910,35015,1,0,0,4,8,1430,480,1977,0,98027,47.4672,-122.006,2340,36680
3317010130,236000,3,1.75,1090,7647,1,0,0,3,7,1090,0,1994,0,98003,47.2613,-122.302,1660,9219
4364200250,400375,4,1.75,1690,7680,1,0,0,5,6,890,800,1946,0,98126,47.5296,-122.375,1060,7680
8732300060,850000,4,1.75,2350,11914,1,0,0,4,8,2350,0,1961,0,98040,47.5392,-122.228,2240,10706
5603700025,732000,4,1.75,2360,11300,1,0,0,4,9,2360,0,1974,0,98006,47.5728,-122.163,2290,11951
3585900190,825000,3,2.5,3400,38400,1,0,4,3,8,1870,1530,1955,2015,98177,47.7611,-122.372,3400,24338
3996900575,259950,2,1,770,6542,1,0,0,3,6,770,0,1948,0,98155,47.747,-122.301,1120,8149
8731801260,234000,3,1.75,1480,8475,1,0,0,4,7,1480,0,1968,0,98023,47.3126,-122.361,1800,8800
3810000860,240000,4,1.5,1920,7973,1,0,0,3,8,1920,0,1955,0,98178,47.4961,-122.235,2020,8840
5700003585,2500000,5,3.25,5620,12672,2,0,0,4,11,4140,1480,1916,0,98144,47.5786,-122.287,4470,8050
6332000050,464000,3,2,1630,6550,1,0,0,5,7,850,780,1912,0,98126,47.5452,-122.379,1440,6550
9286100250,500000,3,2.5,1670,2575,2,0,0,3,8,1670,0,2000,0,98027,47.531,-122.047,1670,2897
9471201110,1130000,4,1.75,2370,8400,1,0,0,5,9,1270,1100,1949,0,98105,47.6716,-122.264,2370,8400
9290800050,567500,3,1.75,2570,14033,1,0,2,4,8,2570,0,1953,0,98166,47.4335,-122.338,2550,16100
7300200400,682000,4,2.25,2450,34092,2,0,0,4,8,2450,0,1980,0,98075,47.5751,-122.049,2410,35378
526069024,950000,5,3,4530,258746,1.5,0,0,4,9,3200,1330,2003,0,98077,47.7702,-122.066,3430,83199
1454600156,860000,5,3.25,4500,9648,2,0,4,4,8,3000,1500,1968,0,98125,47.7262,-122.282,2780,21132
3904980360,495000,3,2.5,1800,7318,2,0,0,3,8,1800,0,1989,0,98029,47.5747,-122.008,1800,5414
2626119062,155000,3,1,1300,6098,1,0,0,3,7,1300,0,2013,0,98014,47.7074,-121.364,1300,6849
8651730290,445000,4,3.25,1960,7200,2,0,0,3,7,1960,0,1979,0,98034,47.7291,-122.218,1980,7529
7611200195,709000,3,2,2360,18000,1,0,0,4,8,2180,180,1951,0,98177,47.7133,-122.367,2600,17300
1919800260,645000,3,1.75,2340,6750,1.5,0,0,5,7,1620,720,1914,0,98103,47.6956,-122.335,1410,3388
6632900354,242500,3,1,1020,5870,1,0,0,3,6,1020,0,1941,0,98155,47.741,-122.314,1160,6901
3972900195,315000,3,1,1390,8333,1,0,0,3,7,1390,0,1982,0,98155,47.7652,-122.31,1320,7090
5151600170,285000,3,1.5,1780,12231,1,0,0,4,8,1780,0,1956,0,98003,47.335,-122.321,2460,12663
7016000440,525000,5,2.25,2500,8621,1.5,0,0,4,7,2500,0,1968,0,98034,47.7379,-122.185,1980,7395
871000435,812000,4,2,2380,6122,1,0,2,4,8,1310,1070,1949,0,98199,47.6506,-122.405,1810,5202
9578060540,525000,4,2.75,2360,4924,2,0,0,3,8,2360,0,2008,0,98028,47.7737,-122.235,2360,4670
2332700060,950000,4,2.25,2620,10920,1,0,0,3,9,2620,0,1965,0,98005,47.6117,-122.164,2370,11907
766000240,225000,4,2,2220,14120,1,0,0,3,7,1200,1020,1966,0,98042,47.361,-122.116,1300,9709
4363700200,190000,4,1,1190,7920,1,0,0,3,6,890,300,1951,0,98126,47.5305,-122.371,1140,7920
7100000250,380000,3,1,1400,8710,1,0,0,4,7,1400,0,1948,0,98146,47.5066,-122.377,1460,8710
2781250560,234000,2,2,1200,3624,2,0,0,3,6,1200,0,2003,0,98038,47.349,-122.025,1360,2693
2781250100,394000,3,2.5,2550,5349,2,0,0,3,7,2550,0,2004,0,98038,47.3504,-122.026,2640,5400
5419800220,250000,3,1.75,1590,7560,1,0,0,3,7,1130,460,1984,0,98031,47.4016,-122.18,1500,7560
7147600245,259500,3,1.75,1650,12349,1,0,0,3,7,1650,0,1957,0,98188,47.442,-122.282,1470,10763
2926069083,900000,5,3.75,4130,226076,2,0,0,3,9,3170,960,1985,0,98077,47.715,-122.065,4130,55321
6189200125,849950,3,3,2990,9773,2,0,0,4,8,2990,0,1973,0,98005,47.6344,-122.174,2230,11553
9542830160,299900,4,2.5,1580,3632,2,0,0,3,7,1580,0,2011,0,98038,47.3672,-122.019,1950,3800
5152200020,298000,3,1.75,1620,12825,1,0,0,3,8,1340,280,1962,0,98003,47.3321,-122.323,2076,11200
9412900045,462000,3,1.5,1710,4500,1.5,0,0,3,8,1410,300,1928,0,98118,47.5366,-122.268,1860,6000
6600410480,179900,3,1,1010,9920,1,0,0,3,6,1010,0,1977,0,98042,47.3238,-122.14,1270,9680
6979970080,525000,3,3.5,2876,5086,2,0,0,3,8,2360,516,2007,0,98072,47.7511,-122.173,2390,4419
5636010280,269950,3,2.5,1480,9743,2,0,0,4,7,1480,0,1996,0,98010,47.3293,-122.001,1810,9601
1732801300,1248000,2,2.5,2310,3313,2,0,0,3,9,2310,0,2006,0,98119,47.6318,-122.365,2700,5670
5561401530,550000,1,1.5,1900,40600,1.5,0,0,5,9,1450,450,1977,0,98027,47.4718,-122.009,2920,40427
9578500510,409950,3,2.5,2655,5080,2,0,0,3,8,2655,0,2013,0,98023,47.2972,-122.348,2879,5232
7304300906,304000,3,1,1280,8184,1.5,0,0,4,6,1280,0,1947,0,98155,47.7467,-122.319,1120,8184
1223089077,718000,3,1.75,4060,136290,1,0,0,3,8,2810,1250,1995,0,98045,47.4843,-121.719,1300,51836
721049207,275000,3,1.75,1860,15681,1,0,0,4,7,1860,0,1971,0,98023,47.3191,-122.339,1860,22979
8691330310,865000,4,3,3690,9892,2,0,0,3,10,3690,0,1998,0,98075,47.5937,-121.982,3430,11294
1523069204,490000,4,2.25,2020,85813,2,0,0,3,7,2020,0,1995,0,98027,47.483,-122.026,2120,85813
3188100105,650000,4,2.5,2110,6820,1,0,0,5,7,1530,580,1942,0,98115,47.6882,-122.306,1420,6431
6608500290,405000,3,2.5,1430,10200,1,0,0,3,7,1430,0,1960,0,98033,47.7012,-122.166,1470,10350
2891400410,369000,3,2.25,1820,99752,1,0,0,4,7,1820,0,1969,0,98092,47.2838,-122.006,1850,117612
7663700551,336000,3,2,1060,11765,1,0,0,4,6,1060,0,1951,0,98125,47.7333,-122.302,1500,9151
5413200140,213550,3,2.5,1580,8541,2,0,0,3,7,1580,0,1990,0,98001,47.3334,-122.289,1640,7542
